x0,x1,x2,x3,x4,x5,x6,x7,x8,x9,x10,x11,x12,x13,x14,y
-0.4431527410808425,0.171273227466117,1.7759168598891748,-1.4364490303773507,0.22729363343575362,0.23043194118615903,0.23175096145028212,0.9208695047513947,1.3125128488299527,-0.9058606812811012,0.6835649952633336,0.7210752596295378,-0.08883285433333026,0.10950300786334119,-0.4742729264364959,113.80897073028007
1.3376192858542075,-1.8000063301437241,0.13495601065162408,-1.3839642977526938,1.5166906782112828,2.1056717548073847,-1.1778364396976433,-0.1771469797086236,-0.15951442041450511,-0.0947254734566577,-0.059396981203831134,0.007664317438551616,-2.3134344499439425,-0.7798522845720792,0.4147155330070475,75.60040458434577
0.1074108072422205,-0.8168307123094308,-0.2411589264385742,-1.345667919143891,0.07161112776257925,0.08342521381835509,-0.04162385733635275,-0.21566991748460632,-1.3893750035284393,0.9215648617370051,-0.6218378063362185,-0.5022745254897586,1.8046009455214223,1.3940303046831672,0.5069984365628044,-83.26720530900865
-0.14286416168241697,0.7755967104011775,-0.13404857292350428,0.4953970885938986,0.1190946882904282,-1.7956579469585219,0.21146583252367368,-1.9252323994538727,0.5837980315548019,0.48838171691385174,0.6936423541392935,1.27640807356118,-0.8256747082782807,-2.334907545277883,0.8681741602425336,91.30313031055532
1.6067419077635845,-2.0883979335271263,-0.32727570894634256,-0.35164174369873935,0.1647512291936543,1.0449220237301446,-1.1470739447837113,0.6574054910506302,2.09246990221953,1.180108320487153,0.10668411276567276,-1.3090204163947692,-1.6491884001219015,-0.17790289344897542,-0.7717694068882488,-0.10631708142284979
1.7873000470012572,-0.01682399774475174,0.5080684329097432,1.1573785131903673,0.198370103600904,1.4106091373366358,-0.0644025483065007,0.00193709763590865,-0.23312350254391806,-0.6999890079036796,0.07780804976772018,0.38850915362930943,-0.925919511363343,-0.8478787587153513,-0.41723866033518603,21.382764781475267
-0.6355720075195956,0.23691126114344477,1.4497333881610361,0.23364147788521375,-0.5373343215923252,-0.6159057139535745,-0.7089929141134218,-0.26345012979462984,0.36333968079879253,-1.0094563557174197,-0.08139440970565368,-0.4503386665947024,-0.7499609998159723,-1.4241096591880333,0.34002102241256515,-35.09461669605326
0.488625505582194,0.5548035300995123,-0.17673258461728036,-0.5594618596483746,0.5492497896417549,-1.4843273697227009,0.506598931350743,0.11044436621910965,0.14799652126626944,0.2832216465572751,0.966270966899693,2.300679003920549,-0.06858921991831551,-1.0131956510055176,1.4450764473363178,218.9342322060092
0.7741886918555565,1.2162197458192068,0.392838737037593,-0.07589170208858027,-2.624003061796889,-0.004161800308700193,0.009069769443148024,0.24250685187827292,-1.626442774594201,-0.5084428330167114,0.38712397555124883,2.1941127893467387,1.8133182338745228,-2.5370368231992733,1.4832631468169448,53.89987580084771
-0.5393211557425611,0.13792930863509328,-0.40287148068589584,0.7056741156220857,-0.04310141631174738,0.3114605257830988,0.352450076690854,0.7092246127282179,0.2747587883063562,-0.13355963219876027,0.4228687890716427,0.8467452117742186,-0.2147036147007334,0.028860217865291332,0.10589238164967223,96.51756575103434
-0.9569983290052255,-1.18876751912821,0.07340734590486593,0.21391501020016424,-0.608683046224393,2.0705596045330927,0.6484979061522108,-0.5219039225326114,-0.44251538641254984,0.13763047901208122,0.3183776848699593,1.0948537243444902,0.7429513831095975,-0.8003006859655776,-0.9572002501933305,
1.1649236043788735,-2.776440013816308,-2.4827208487138472,-0.7106637280749345,1.4091233474570832,-0.24850279045703344,0.04999750588628602,-0.6991990377593738,0.7702864942222936,-0.8686728723041147,0.12539294368545836,-0.271939865756342,1.0067955862955664,0.5368728929956652,0.23980632089004167,52.335705204282355
-0.45876313635931715,-0.6643210797106207,-0.3473297577012741,1.130016849145223,0.7677902950991323,-0.7753893370769523,1.2067869905868422,-0.3063326860972029,2.084062170505943,-1.217002286184593,0.33433685746328956,-0.7099414028085467,0.4070090720034534,0.7324899498340881,0.4756917500879412,62.526992759354535
0.4961341662369836,0.6449736965535179,-0.5802712901310481,-0.27100897092274584,-0.7597286393186548,1.2457343704350703,-0.16677232742850887,-1.9720372048168415,-0.6391487025021321,-0.9438006266923553,-0.12122753900969131,0.15498767625267268,0.17642967509581348,1.5087410834153363,0.041203804369288805,-69.47679019016039
0.6508508649899772,0.6228197509834181,-1.2521516444119947,-0.5423020266249499,0.47984524832797687,-0.4800472344231067,0.5818719377858308,0.09571324893604423,-1.1519415989054023,-0.09114893505272677,0.08174350636070263,1.0519835014898933,-0.7939773516816743,0.5018939963549267,-1.3927497472319128,-11.809700084427018
-0.6800835682632743,-0.6184673197992197,-2.1281112048271593,1.0861706047124169,-0.30372790345707945,0.24495649711377293,0.40798894915815204,-0.6128817261909437,0.7961305521195745,1.1897125435454403,0.37612636820461737,0.343008244101722,-0.2739896996162363,-0.7984726882134943,0.5095879018636934,56.05217898499445
-0.7559395392882745,-1.346941116887985,1.373626968911813,-1.3012984588699092,0.6759264127700058,-0.5176572227640777,0.20754540324421952,-0.39438198938894276,-1.224754686849142,-0.3280396583888036,-0.25632640606867496,0.2731591120667195,2.141233852814882,-0.7796915986862143,0.4012737865686213,
1.3812624414440051,-1.3553236499627435,1.6188480799113676,0.9570731355891721,1.0083041569306024,0.6911404554869894,-0.07682510780907906,0.7265411476617836,1.4790734144367808,-0.18511557643656726,0.427745047598891,-0.022389205486056354,0.4186128575932734,0.49243334925728915,-1.258601769925712,58.83599489518645
1.8167465214181215,-1.152427419342351,-0.5572446508773147,-0.5753642781484485,1.1510270672424745,0.7584030746482406,0.643343561977539,0.23386360814677476,0.96540777247352,-1.1321120263152653,0.5330962864617539,0.5894044910229836,0.20832557229394716,0.7907956721596249,-1.8093955882833024,78.55207026039683
-0.2837398603331705,-0.1657375603837071,1.4967291031505816,0.0683364990078491,-0.5791629460276346,-0.7335451617212913,-0.7948928305035766,1.2306078125362492,1.4326476493407632,0.009432877402794386,0.5148343452964323,0.17933478575329959,0.7139924510033165,-1.5466767016511258,0.16158664163435862,
0.13790069646944164,1.647505669673158,-0.46328845432593574,0.6371389238376166,0.2140471911697212,0.8931057712632725,0.28491764078197473,0.5255371197194071,0.675006196796319,-1.2145454746698332,0.33314282538903983,0.30086348184111245,0.93804033132697,-0.5485400780866952,-1.4440410059403381,-381.2805964884162
0.13191004289717487,-0.7439057617250942,-0.6872167758502055,0.6799279047121877,-1.1774044251517324,2.667270787193673,0.5257126895928413,-0.7387609402051195,1.669055779856078,1.1896727878932403,-0.28908908497551794,-1.9589219875905488,-0.4410853387528662,1.0879983063790135,-1.751530562782638,-149.4115247536962
0.04499927892165955,0.4087441170516127,1.3535918868014216,0.11678171053676238,-0.1768299454882357,0.7187843743604226,0.2878830413383911,0.9728088441534468,0.07264662833573075,-1.17219270280602,-0.31021768698928376,-0.8148791447436481,0.6658061833535024,-0.05670794267305626,-0.8605435834946425,-62.893525093910156
-0.8709308672418178,-0.0277497872728256,-1.0167066405341583,-0.39927454234501647,1.8666338644214022,0.11126018517699154,1.8535880771664615,-0.17071753318098273,-0.2745398633447215,-1.478912205165035,-0.2670109794277997,-0.4550799361982036,-0.6559289331817126,1.5949087787668064,1.298516454662146,68.3618907641047
0.7184745700264022,-2.006299374759089,0.5642162708941185,0.5047844996137193,1.1525941290699393,-0.6747987404366419,-1.5425359251141326,0.2642154386718714,0.9368342157101246,-0.3825529738842226,0.20781125452442745,-0.22078283736556992,-0.7857942201551463,-0.2669732138566214,-1.1700101180789055,24.14339479202525
1.1947574551700924,-0.15530993985710154,-0.544497346839236,2.0838310083417158,1.3586719716898403,0.6303974169993319,0.9458353159238839,-0.005587726934135987,-1.126879557797244,0.8227207443963672,0.12124271929697318,1.1323970672278325,-2.4555916246844283,-0.9924408436557686,0.5369556864862701,101.28211738555973
1.3483352360371625,-1.1218466472897501,-0.024139677681106045,1.8113089009621934,1.123023320247905,1.2412618526795653,1.0323400213348928,0.4639669300463056,0.7505229331504937,-0.6117596065701466,0.2246540699262548,0.020529200815099395,-0.10019168765694697,-0.5035539024132097,-1.507842971125812,38.3113495208363
-0.6745226526481618,0.5442090012203935,-2.2229129331542614,1.3979476419624064,0.5684417291294944,1.2214953118543739,0.44641703408008443,0.07885702414696609,-0.526764059025558,1.5085303286591056,-0.5491972789916537,-0.9893082173517572,0.046587000571565215,0.40965561554650387,0.010216916286949568,-56.56634337313972
0.4694258446432057,-0.44749643532168604,0.045664630298218455,-1.01896264516348,0.13689838328614184,1.1600558960722573,-1.0798416247022034,0.6693393995476722,0.006509697327234105,0.7898887585969094,0.3308172368461729,0.7323481156853366,-0.47712482014984003,-1.6656468277790943,0.8519848767629397,109.69514859857644
-1.5463894347681324,-1.3227959157973876,-0.34140380663178377,0.8707483637166783,-1.164005747256208,-0.40809141388316517,-1.8201535779596025,0.36267942119298197,0.7144983687330256,1.916023879921909,-0.16143405373425768,-0.9817100906371751,-1.4353047133642463,0.6556185953786458,2.2226097638908895,-1.862265104368137
-0.11743362588304254,1.1280679700958949,-1.0657796654979943,-0.33590682502028774,-0.26228214003692457,-0.9313598611624497,-2.094099061986043,-0.6086692645654438,-0.915276113529402,-0.23622448998177087,-0.016341372941543364,0.6666481694291919,-0.16383185581046414,0.7484735412648911,1.0315981998382286,15.433385133860373
-0.554730733310611,0.2548412721588999,1.4915412756781268,-0.5165367526903688,-1.211920447442462,0.5072078518237095,-1.635060162876697,-0.10304536277197865,1.5609940579502113,-0.9982539509414837,0.22253737264968615,-0.6089063287538067,-0.4861454428494007,-0.8611638441906232,-0.7715565646288546,-32.44882566975889
-0.9177795544233011,1.5202916157636872,-0.6232753348595709,-2.032612701955122,-0.40759892642453865,0.6323098872453359,3.0997572121751453,-0.9970516530709309,0.512990799082265,1.894422080861329,0.33197965850507394,0.4455302309928378,0.05862011299522644,-0.9468025343887124,1.68027470679343,84.01810418318748
-0.8092748534327425,0.19359888904885314,-0.4617062640269848,-0.7304103925208234,0.8425886845544998,0.9236973892229793,0.03591279421348061,-0.6293347774518692,-0.3578393870740917,1.6873139940882296,0.24501860367115194,0.8535500967984319,0.47715987472664223,-0.6952465369040705,1.1136149847400154,106.90575932545575
-0.7013081061400963,0.3866890027783638,0.35502542365219014,-0.13365826010200862,-0.9271827660110634,-0.6024390320440444,-0.018361573837564708,0.3313608196635763,0.4202094117564241,-0.2463089015469604,-0.08612922406726398,-0.5066315748222542,-0.03820284281839058,3.1148218155074257,0.45646640739912187,-33.11201404288695
1.3512334823277652,0.06058293932987158,-0.13768786391240914,-1.7648360561550318,-0.3727199984332793,-1.1413199002592906,0.7772153317226609,0.5888678235824039,0.8293019238944132,0.017694766143007076,0.13655503728369275,-0.2926258610867847,0.9034509779181517,-0.6291761928385613,1.0405663029923915,29.901749064538336
-0.19588291903340233,-1.33532260573791,0.7480820838289105,0.24830469046909534,1.0018312684713477,0.56764196040902,-0.40217096925872314,1.0635779932377862,-0.6482022745693239,0.4009757248092568,-0.8870283252278469,-1.7182226870689536,-0.6085447892336159,1.2797306116517189,-0.3077104136062581,-92.10809671202456
-1.0308300672196615,-0.2712078763663661,-0.3392210624249193,-1.21484692828729,-0.7720881829486299,0.5842799744420034,-0.21164174455794613,-1.2953109931341806,-0.3524849274492804,-0.5506275626601305,0.09411652771572154,0.49804595602263546,1.842142476589865,-0.5064480907508028,0.01883035753369249,-20.41512345058757
1.6180361902468345,0.5068171679069636,0.4961398609716663,-1.3361900909518625,-0.7977412999732794,-1.2103310502827302,-0.8817199232310943,-0.24243623376475407,0.44162724719698626,-0.4719880346877146,0.38657926377179513,0.6147067312887606,0.2136339117970382,-0.05103912194081405,-0.8502054804568281,
0.3171180415770992,0.3196379251824664,-1.0279553225034022,0.03950126838875057,0.3727269507102113,0.989741676406698,0.04838645059567146,0.3202169676466854,0.09669525700653314,-0.8265853975885611,-0.14256965958426235,-0.405466722116612,-0.6751089016509544,1.1236072920804765,0.6415611718321489,27.796293731895005
1.0352752488369252,0.17225914075523954,-0.18354208543694098,-1.1421346040174447,-2.096068280029476,-0.7808426704414421,-0.18046753752566863,0.06878369456099936,0.4025882169750856,-0.39827873191403057,0.2791550704281358,0.38121552789140023,1.045303813809882,-0.02561955505037491,0.5532456415003062,-12.352135134334285
0.814764767584899,0.059918776430265205,-1.2478027950383368,-1.950993872062937,-0.12238533133442497,-1.1575601144605547,-1.4089418871870931,-1.1452456511790075,1.981459133595034,-0.37383472513236776,0.196938524526296,-1.0217872843187774,-1.5379171463854764,-0.42473094570898795,-0.23678195976563557,-41.7171980419022
-0.554827950468702,0.6744167804753539,-1.520734009673437,1.1811711382425625,0.9215560760352127,-0.9141232520427098,0.37785203107326903,-0.34825484168931875,1.323994487024002,-0.25417129923655407,0.036645123223029874,-0.9146993252692804,-1.768134759630402,-0.30066605127240664,1.0611315942207407,32.68809557529879
1.035908966222643,0.7251720606671338,-0.877830159096621,-1.191192526903597,0.2363776512524454,-0.4038902747474799,0.24326596121792043,0.036691044902172565,0.5661487586075398,0.05774321533663715,-0.0068704225569584595,-0.43967042184468097,-0.4244309587288458,2.298679265737269,0.8421238905296555,28.61306457384935
0.9067246567707913,-0.9474048321833485,-0.11023495716250449,0.2155763478010466,0.8759751088460479,-0.025284696157296258,-0.37230785344703626,1.4775537808791788,-1.2687507864498269,-1.9116013956030578,-0.24669944880299177,0.34597004951324173,0.5993144802275137,-0.505024756693474,0.8741858771216147,51.61076522406178
0.5743043621722744,-1.3771441616691897,-0.9316843339571412,0.03481742602795037,-0.3179519592044674,-0.17105547417597503,-0.08672489117381767,1.0878200283930113,-0.04668515083458574,-1.480370212477444,0.55081440034372,1.4460488724731153,1.5894711964041883,-0.22467933822453756,0.8523374102025534,
1.2941558123350774,1.1981067622822268,-0.1758194740708438,-0.5140107974808671,0.7310473430456291,-2.095337861351532,-0.6823775645383523,-0.08107976430269549,0.4593797142144053,-0.985242624839119,0.33160138369412134,0.4730316408444383,0.09956235571258316,-1.5099394330060794,0.9538898212720134,88.66710229731179
-0.5625390762819301,-0.2010881241149076,-0.8295285545244051,-0.9221871572223993,-0.5870856144336598,-0.3463637308400624,-0.5434798771175968,-1.8208635127240307,-0.5104864141787826,-0.6848440297677367,-0.22140673276288525,-0.1406582711192279,0.6167427766602845,-0.6152385023787914,-1.244341775327962,-129.62121204413776
-0.3955843694947928,0.11349082302260777,0.8411314570593005,-0.15677887917452868,1.1637684385031344,-0.19543638696032678,1.4486509877338576,0.2286583891935224,-1.272120873827341,-1.0577534431237807,-0.775739803118275,-1.017638437488467,3.1242958127576523,-0.809547794997132,-0.23025162499502577,-85.15275198420092
0.47169285967662694,0.08556742546644822,0.509684644821717,-0.05110061090952839,0.6248928458810545,0.40962196879741897,0.23926585103075704,-0.7913280054961723,-1.9761265437469109,-1.5493913873298013,0.1298201270624609,1.7992963802090192,-0.299652302802828,-0.7205311644300848,1.4447525217133554,94.4703544130455
-0.9753560575855926,-0.3909604487171549,-0.6287187088734199,0.3772927229062883,-0.4773516842554661,-0.4727758409606351,1.1499500053378935,-1.0829083077253365,-0.8815330892697448,0.4400174630786319,-0.9894993542126435,-1.7932313625351262,-0.09175424768070137,-0.40287865688740504,-1.0999758798662913,-302.36855026279113
-1.1412456135479974,0.32522222340555534,0.1337165628705429,-0.29815116956744814,0.9713959634905268,0.5171358290021575,1.9757550384711926,-0.9302017637691908,1.0716763559871674,-1.014190390615771,0.6956659637233747,0.9549399653402761,-0.8810169371298379,-1.280509296834576,2.122543431288242,196.92178283108004
-1.1731246534123514,-0.020991600907497153,-1.4941079856816661,-0.7976010838667303,-0.8355238742895178,-1.6214039757186387,0.7758044428603633,0.6593335549804074,0.30076210223588357,-0.1130851298884143,-0.1031691094643293,-0.4925556801731348,-0.7896505519441581,-0.19179965324143292,-0.6601648090444562,-76.9951921469045
-1.4972087211575646,-0.7271332659612461,0.7792429043281113,-0.44365060663113465,1.2926664616243304,-0.7595523374559441,-1.04801801180544,0.7526543647980295,-2.2095378875503693,-0.6149025516812877,-0.6162497079289283,0.09266973910444296,-0.9869140594531677,1.5929280122938898,-0.4272292351783607,-42.767905172198276
-0.21515763788578604,-1.2316608798250162,-0.254122800994543,1.0197737298522247,-0.24275339753922584,-0.6590428709307677,2.2029025918152785,0.3808833645413864,1.8592353170741531,-0.23881846680261695,0.3989408552272546,-0.3872219002216679,0.8506938446137968,1.0990725804518302,0.1503444573826672,50.86682357112609
-0.3238712339393911,0.639618399098018,1.191090453259706,1.4659988151007124,1.1008775260467243,0.5166717288278561,0.19101266009052653,1.0186638904400158,-0.96137722310446,-2.0202780923884176,0.23585854864214684,1.2915482559752347,-0.03153538934033413,0.9662593207357727,1.3898778120722803,
-0.38904385516834344,0.14712604269314536,0.45405496158046005,-0.39407660123924065,0.7498457048999362,-1.7038670840163814,-0.5947072719455311,1.8701450430447333,-0.8315360002296543,0.8090411145123569,-0.2220759790495779,0.0720229311645132,1.247180944608866,-0.8161263597483973,-1.2469434387082632,-25.63148503914948
-0.43023437542728993,-0.6721795945449448,-0.9384553612607346,-0.2988899593636395,-1.7620598986980678,1.8997184951297692,-0.5273650064356925,-0.8745885962022933,0.3901340208677554,-0.0596351176822595,-0.026457403232048746,-0.33139649186895065,2.356476906539809,-0.10214158548378129,0.6093038808414127,-47.84270631536121
-0.8582344281900528,-0.7665085660578571,-0.3695376663450977,-0.8608610256993897,0.7438783243871894,0.8927406872862346,-1.315352689982162,-0.7925518654224567,1.0749230603254956,1.0056363512013873,0.31524268362698465,-0.02969329546848587,-0.9410268490631494,1.0958419454654047,0.2548846015657466,64.55687160028634
1.071030210433674,0.7708165472861063,0.3579337144146871,0.31579429777338897,2.1885016839325417,-0.7357027956220884,-1.2981829716190365,-0.4361586941058219,0.522564208001486,-0.0391631999468743,0.6121617370786075,1.1073800145668815,1.211705036947797,-0.08950521471580627,1.1203051219713298,
2.047678767021484,-1.8515330769471976,0.653500980539256,0.5540996283883775,0.12008017541150548,2.36995372942171,2.183357814151614,-0.0522106048189774,-1.125641019659151,0.4532758230267445,0.026988005912091693,0.9357793171242458,0.8335942041947217,0.32858398007831113,0.9552273009321637,84.53948925421304
-1.5090053479093848,0.36012709687712224,0.4238545615184857,-0.5455574114523051,-0.7258188682077085,-0.7920832875834247,-1.3810812340553262,0.8874897642226713,0.7064683590005474,0.2534437741575491,-0.006168136815878158,-0.5476065735598561,-0.0712557055809881,0.8700122201133557,0.469829013501324,
-0.7411291085885099,0.5124853349581443,-0.19262768889153847,0.7272151787182746,0.8590993968617673,0.20241685728811135,-1.6489560034480417,-0.7240846010171484,-0.373235355946626,0.2102543322640712,-0.11316650473883896,0.003042914827511944,-1.3801039328488067,-1.1905827992734554,-2.0851930188621046,-69.19733019716391
-0.38847281976396975,0.2641291419856211,0.8147978735484276,1.2595191453324341,-1.6964944468890115,1.9698215099760235,0.1228431088577662,-0.0047848783135027075,0.018253437332888284,0.6313434968402062,-0.07932622226918229,-0.21231142685522447,0.6695523139734866,1.101224608641711,1.431280677322437,414.12690017258313
-0.2977232640127617,1.7092375278964342,0.9780445449919248,1.4555484637798686,-1.2727918044032267,-0.5226225170315276,-0.9504616555620826,0.4922517524447457,-0.44070907070541593,2.110018905203262,0.5304340963197641,1.6136099748372845,1.6051701566218293,-0.7273286990811662,-0.17962301211261805,45.512388001246535
0.7251292808514828,0.4739084721971666,-0.08732163388264212,-1.905763660265758,0.10024182181589224,-0.31171585559893966,-1.6440890581632217,-1.419066386197034,-1.9564151277365611,1.0596611743647921,0.23737201400983657,2.0545857417500266,1.6856552215239184,-1.9200724730966292,-1.5561487153978293,-18.597243796675272
-0.5513374389860821,0.6193954412985315,0.3670998548670824,1.6209226012867792,1.1523895532979378,0.9326756271686101,-1.2449996250994877,0.9168137513129425,1.02213983639289,1.2836807951245568,0.5942312915999864,0.6613915270494234,-1.195070123284519,-0.15959920855878387,-1.3893615963963635,111.65551357337984
-0.034964162441598466,-0.5770228778387588,-0.6345847492413358,2.1959000649004485,0.9135515168089837,-0.0816970413558041,-0.5257005110000985,-0.18134231576059323,0.31614808143836937,0.7800002092380167,-0.25958906192094916,-0.8522018002914096,1.1215337284736064,-0.09312540152002209,-0.7329118041638938,-49.51699648373943
-0.7533120309505593,-0.7687971434159572,-2.0985650506384492,-0.291651331507814,-0.3895660158738089,0.9330169590673081,-1.0782234313774104,0.9962014368502292,-0.4383180397275002,-0.5996684361859844,0.022983071313072125,0.42883369592460124,0.5576471711317234,-1.4002761313535363,0.36021546616979444,41.13944554607969
0.9413569748836093,0.7217041887076399,-0.20629618940165106,-0.21671268089458895,0.1784948409943569,-0.19146349613706837,-0.5306259084455948,0.10161862954520176,1.0604762215216361,1.1370636075217155,0.09397534922602672,-0.5967421849196214,0.6903094820503093,-0.5809424120341167,1.3124533421729154,59.195819212719165
-0.88761674171419,-0.26743029321024153,0.547568950933617,-1.9450827698657447,1.0456824945453973,-0.6638190099772072,1.043382816519104,0.4709255734226971,-0.9067948146243267,0.3882396120085846,-0.6830625712603439,-1.0155314902125403,1.3340858826741262,-1.3378450924295278,-0.7213714559538672,
0.1845528995710729,-0.3588094183624569,-0.396088547030095,-0.4989276871608083,0.010375770595436313,2.1016267434799087,-1.5064707931122436,-0.9496718588775072,-0.25303594007902563,0.6357650970775626,-0.05982869170490071,0.0863579228416214,-1.0400721078985253,-1.272656247769346,0.024983482702370285,4.726833372455403
-0.32233469334361387,-1.6415152232459644,-1.951607872312442,0.6877156590263086,2.9945683270609993,-0.804821499781132,-0.4349568096665248,-0.7386696554935209,-1.3475287661275843,-0.7280983168529117,0.3810803552149864,1.9283268965476397,1.2582253936780443,-0.3370059789116692,-0.5441355356532607,131.5721642842728
-0.8949401325711922,-1.5650381532353128,-0.510597130657378,-0.6671255584051352,-0.4941499496689402,-0.4099933616755098,-0.8076739517350352,-0.17703906579855103,0.3273188092281814,0.7866620297150656,0.16899117584490217,0.18915725061775635,0.955458894126275,0.4054808820207658,-1.181965488536225,-40.75025600968187
-0.7649133907958177,0.022714819319561347,-1.4044162233487878,2.241594251713842,0.6362363735011565,0.7675293168957084,-0.6637732635113458,-0.12681080643293002,0.5627754559285789,-1.0756980536855159,0.3241563304830252,0.44158598484808775,-0.2793822526414182,-1.4991422034597282,0.8845515610952367,108.16903023308878
0.9809635326136458,1.2521005515952075,-0.454698804153192,-0.8599107655336139,-0.4007671431705199,0.2522665237546582,1.1414074532233727,0.09534151362227011,-0.5246867572893977,-0.6904423927886428,-0.42140020868309724,-0.6544668035082338,0.05887505561053284,0.261088123587891,-0.9014626303584105,-113.00253117103784
0.38575759946304283,-0.3950233096808008,2.1086402667448545,-1.0850914274240009,-0.7857546762118061,0.733407516011091,0.27732653579038696,-0.7461717592676359,-0.30725049268638277,0.06314578422061927,-0.7973777285299123,-1.770824622421489,1.9130197821017947,0.4565260570353588,0.8905889668196862,-142.59931997962477
0.371261596420511,0.8339676302430211,-0.9478390108381397,-0.6503247012342092,-0.738618649300294,0.1176807121540545,0.5536156745506624,-2.139660322421738,0.6266058534383268,-0.3087841813822574,-0.05288189813151298,-0.6146729184967215,-2.160943639205909,-0.7768905603192168,0.3089171914227822,-79.66781390206458
0.15029860262953115,-0.42249661897809626,0.6357950600040059,-0.684271113187347,1.9745161968999885,0.22640416859701198,-0.30492057866113914,0.9728887070274992,-1.5470826944490548,-0.7600821359986434,-0.6577430273358196,-0.4828962350681143,1.175628576598433,0.4530078118177322,0.08440346275190443,-9.41059901643803
1.7745382919173087,-0.39667683251438046,1.0927665148868275,-1.4813662432099586,-0.43356981116965765,0.4538811927565313,-1.6691962914926544,1.5109022747115017,-1.4175259033618473,-0.28978613917824125,-0.6337880708554112,-0.4993656548175396,-0.8338851672931001,-0.9689546197794635,-1.3137616690241338,-121.66574857418013
0.9496305709515283,1.3328398442283615,-0.46220838043616336,-1.9920465556059461,1.0529349573443467,0.6467715147946663,0.12480281107655276,1.5468229253394035,-0.3624504642032755,-0.8017526758177473,0.043285085121838845,0.404204980439074,-0.8172137575528586,-0.6789916779308802,-0.46087712666325115,69.3135029272592
-0.8192546328849635,-1.194857082806056,0.18387219084657783,-0.4295892397765117,-0.9960018519221983,-0.26993536499104426,-0.7701306530620226,1.3499577839518453,1.5163342893769634,0.7926418785566343,1.015650472608127,1.4064065592584731,2.3723041311408792,1.1262638782774914,-1.064606830310798,117.690809365285
0.04672832391179079,0.859349064524935,0.7144769427508435,-0.05272005070215296,0.49066660774054327,0.8439510427224075,0.9692475522556002,0.458356933303702,-0.165095862140351,1.5829248656911028,0.2785120974734647,0.792920541656138,-0.3072821100528328,-0.894583364923064,1.2023931548474462,122.79354222551098
0.2259222740401901,-0.2115998025245003,-1.0403636288711091,-0.1473600304048441,-0.30811761889144745,1.9881567643775748,0.12841906796937783,-1.9931820418798447,-0.882160936093592,0.7217630715870927,-0.514451081802345,-0.6381581901791092,-0.11573760532800409,0.15909698104202485,-0.8521674340580865,-131.66224244566644
-0.04270121195230859,0.06530941097751437,-1.1124981425780918,-0.10548928155599055,-0.13484892441792382,-0.6660142914300883,0.4951122313757285,1.3927523612272756,-0.4902877109014598,0.8277191321093975,0.12581061326854534,0.657284547066104,1.4550972364699384,-0.3326753789863617,-0.12036732414294746,33.44686781335568
0.2728864886129607,1.88117515677262,-1.3585492084199873,0.36438792369584827,-1.315803928617323,-0.4891240942023153,0.2162251068500258,-0.38780284592436787,0.8614974924710884,0.6882632146501709,-0.5287179086312331,-1.9634059367467154,1.3294627098596024,1.5176731009560116,-0.7091229894767854,-434.2002800848811
0.713103054068403,-0.19288395440035108,-0.9729162492126838,-0.9370826618733632,-0.35691868819245326,0.5125774598096063,-0.8866032611970633,-0.43029404977007046,0.5449813654438895,0.2265207219539425,-0.14555291331834488,-0.7594711436827015,-0.1377267054476347,-0.7258706569080063,0.8157476435971514,-23.463842192017932
0.45983056656257565,-0.08315617535170322,-0.0928964513229309,0.4379168597782489,0.7913126958456237,1.0049781673073859,0.8476137816627594,0.22748603382975707,0.8107745543128712,-1.26509806111279,0.2363161170322322,-0.028772838796075503,1.353184153406629,-0.848791680714116,0.757503424581667,98.41480542021102
-2.038305242535878,-0.2083891110506487,0.7455617671159491,0.7485456419238756,0.12639055179853986,0.6856356830419662,-1.0595810044500917,-1.3509455705695714,0.6988499366889945,0.14827552661118892,0.7434133404135261,1.3171045570932738,-0.22386376472704253,0.6604636073304249,1.71129337428509,166.88335553825257
-1.7443691305656297,-0.6845044149504563,-0.8274608179985871,-1.8850357348160933,0.49025909516894206,0.766287428131874,-0.6237937624188504,0.7606675718483894,0.8405680078077037,-1.3757584700791303,0.5360092250194126,0.7243645372624296,0.42075478295050783,-1.199911479132838,-0.6011126447390834,103.72527910567676
1.5577878082468597,0.587811625212096,-0.6244914228377644,1.3302628935613088,0.0414137855018075,-0.7999058221028991,-0.2682442703395021,-0.36790307075645856,1.4081068261453498,0.1326122614478637,0.41496846907879853,0.031661902711051064,0.34314244368305824,-0.17737704372956545,-0.045219753870243594,45.39025366071203
-0.6532739103696512,-0.413228512274532,1.1708885905721929,-0.12869577976041088,-0.6615544833017545,1.1615665830830741,-0.7427916852075576,-0.5693400070410981,-1.4440405778731336,-1.4403001327567957,-0.5186306417236568,-0.2191829983971781,-1.0459439852937609,-0.649155865261992,1.5333310274398222,-44.804762608913684
0.06769288797468606,-0.43029070367553046,-1.5631866038924924,1.0919042839707396,-1.8027318216698809,-0.475237630675511,-1.9097638391781586,2.30681013735084,1.7882722140839116,-2.069409113896385,0.1742900832738768,-0.924026664807636,0.648420746425833,-1.1003561867745744,0.41745183783316225,
-1.3844076307811668,0.6152349955144587,-0.24538009266748362,-1.0622019082303502,-0.8601974858497253,-0.6638052650468778,0.04765301382043267,-0.7330060739044821,0.7250964817097586,-0.9936842001559485,-0.0311805990535215,-0.6138428337350798,-0.48031943845354,0.37043172603919383,2.390469566584148,12.181866332695348
-0.4976134154800081,0.14732446454962023,-0.25638834764914553,-1.0920117139687981,2.1978744321959054,-0.459575149305222,-1.0343082904596017,-0.14116762015355463,-1.564094294217679,-1.1665048315309678,-0.5986547891763073,-0.3067958350659453,1.6778042489711964,1.0319881943909404,0.1586758399271792,-25.17490090424949
-0.9429834946356889,1.6364603320945224,0.13314322676226972,-0.00731457621419785,0.7964127837627268,1.0735457134691209,0.8957258035848161,-1.6130871416703587,-0.31896215953362067,-0.14080248714183505,-0.8047213685070158,-1.7368871005433915,0.6586716755878889,1.47367370343376,-0.2163738953549994,-137.72003107155766
1.3340836609444577,-2.215781563283168,-1.730218189258669,1.2752354963335952,-1.5458366923970632,-0.5050975350694326,-1.646275560015029,0.957963765054768,1.4993612672264143,1.5777970799560157,0.6392920945732936,0.5048749472883756,2.2208125660369906,-0.8542909029324122,0.8745827021504029,
-1.2283185153307428,-1.5088025912573608,0.3013601652845066,-0.28455444687971787,-1.348279960582581,2.4016361102389787,1.2762043208075458,-0.02519455881998115,-0.8629909028826059,-0.1399309629154039,-0.06996541833654135,0.49379288560163154,1.6770705337677476,-1.7232913143739566,-0.9933106174482064,-52.66377710098932
0.4815594737627456,-0.7364476319464778,1.9799573735296103,-0.6975956864877245,-0.9188522627336498,-0.4500803229329651,-1.934911322165778,-2.485075766640931,-0.21297539620828992,0.5166527320448489,0.5621432779037224,1.601232883403365,0.8921910557710778,-0.13705186456601381,0.41463877318521347,36.833040236071966
0.45547125974865066,-3.84166753303741,0.7951934969094705,-0.5051329721818196,-0.1442009013930848,-0.20417919256378056,0.15214092729083648,-1.5128277543761997,-1.5765233803298053,-0.0762585528417106,-0.9501140233649978,-1.197547109792141,1.4192809676286557,-0.368669653252969,1.1450802754076688,-145.12787056139283
0.18399697673694784,-0.46817599376174085,0.41969365120369195,-0.3913171053456358,0.5537693246295672,1.4531611976685963,0.05912658148434212,-0.264134253205905,1.1679351130590139,-1.0614505570949642,1.055398532965001,1.7842680637548474,-0.37883458609940246,0.6690343894279154,0.6701406485016136,224.3536011657796
0.38308601914444257,-0.8267954796270948,0.5183166151691364,-1.6481337481754295,-1.1880763914355421,-0.40382075774028875,-0.4902383133300341,-0.5366219491679379,0.3327161418849072,-0.14143794979992327,0.4501284978729716,0.8056450572479408,0.42120234313876176,0.1672331597150351,-0.30178414291486966,4.142152493608028
-0.2412624849935381,1.1145853836613604,-0.13144205404979012,0.6914351229749045,-0.24085530885799555,-0.5430385201553344,0.33265650384273615,0.4197585735192677,-1.1445578840295563,-0.3991835086557023,-0.2102647676922583,0.3047005729219754,0.184270868313047,0.1871046707410252,0.4665189200098904,-9.404318180665797
1.0965138339859024,-0.5724652368073987,0.9576161701881021,1.1728711796542144,-0.9791793160925387,1.3523779350038605,-0.7895207002320871,0.1673500787469653,0.4906332604887345,-0.41616434263650925,0.23586082460602745,0.20423124104147505,-1.2687874149514835,-1.5388217199950016,0.619529119262056,45.884384896786756
1.546551963804522,0.3074490554315006,1.5655528004428474,-1.3748739525535139,0.5580858142198227,1.4450128539021307,-0.5880620490195843,-0.6381813457928592,-1.073974113449514,-1.7808751008285562,-0.46191839989174976,-0.3678911606040021,-1.0725579505915468,1.3120881083311096,-1.2350993070361445,-92.73712073384227
-1.1145515146228926,1.46045112389591,1.0178042298437133,0.9096737114033336,-0.799010783333325,-0.48341366363149046,0.889442815302956,-0.6128349437780428,0.00610214442914666,0.5184904959731631,-0.13827011950912244,-0.32706131692718216,1.1867837997251802,0.004699358631616242,1.3620266539091381,-23.57967530625342
0.18349931209559114,-0.11323286358030932,-0.26201697136330926,2.642626865671348,0.6631264429886631,1.3609425196410752,0.29504795262129113,-0.7403858549262221,2.2977796417892646,1.352574424157741,0.6764243896002643,-0.04068254320156679,-0.7841370291500358,0.7788512517085564,0.8108919330075655,147.2030375967398
0.3067434039188046,-0.5803312972655135,-0.14004220489497846,0.5752359487093143,-0.14703000307202352,-1.0203931381453928,-1.4084449747259695,-0.5749225015531959,-0.6713148961629547,1.4860635749023985,-0.061228764753926204,0.35711629071383505,1.1254031843609158,-0.6800521840959569,0.9237748702292409,3.500098952395726
2.0036103594906876,0.9415936156078842,0.2633578893215369,-0.09431426854851939,-0.20228949266479387,-0.18920195644044738,2.336305035080108,-0.43301002632998076,0.31923830429417216,-2.1846750308492275,0.14794938232931673,0.14483027089621445,1.0795649499778732,1.3162834241054264,1.019028491746961,40.82241560563616
-0.304010608513739,-0.08670848923888201,0.041268997607017625,-1.1972473010316416,0.16805350080490683,0.10712296356969964,0.575254811857544,0.035454490268181746,0.30911105702613356,0.05546726826687502,0.4030051929119906,0.7197992722311102,-0.01859787357635758,-0.06909132514204898,0.12503257795448344,
0.7315530056979176,-0.020035987982313295,0.47090468757691817,-1.599393474981388,0.0691517192457083,-1.0206789378914973,-0.3978080268370776,0.06305577169555929,-1.3822647717003107,-1.3508426849074957,-0.4309050300223814,-0.08559910436230032,-0.11502431851530387,-0.19490318808661508,0.2503301451122326,-62.41939966712513
-0.360170723062902,-0.29952806027464185,-0.6997513999528158,-0.05641982632494942,0.34880301181528495,1.004357102103401,-1.188143293553319,1.6737521994552271,-0.04400443291662984,1.4536952237839966,0.036983716979599804,0.13033150524149503,-0.431526204996379,1.2045684939424786,0.062356226952977135,61.86482449171637
0.3445236046995801,1.7697573383979304,-0.6410470572301568,-0.2751205359839719,0.10013044586548273,0.41016281528239534,0.5914781232785132,-0.46006672361396317,1.057888224613719,-1.1520976155471727,0.46842561187961274,0.34916482196364873,-0.6766514923156739,-0.7349629257691433,1.8463016057538353,
0.171024721327243,0.9687169691091624,0.3108598194504822,-0.9874008393498038,-0.3026103015586162,1.508112379659005,0.7941507258373901,1.7938532775069906,0.45862455441014466,0.054624310832417866,-0.14654232663770708,-0.724942101761071,-0.23914256277447207,0.3095064981200014,-0.1716646864609579,11.086849266710088
-0.7268892287517252,-1.3264525824858506,-0.2474298152959987,-1.2229747406770708,-1.0903140968325629,-0.5303799899349655,1.3330408354346697,0.39552589599510785,-0.7257256873643702,-0.17521783207619945,-0.8452083077805647,-1.5522713247338502,-0.2821644410989532,-2.9596166951145695,-1.7492631435470793,-232.70465719723538
-0.2511873465685511,0.49599175333697776,-0.5504210689918159,1.0094975445184098,1.1064519254902632,1.2158989956235817,0.1080733643337853,-0.9285306329182305,0.8794106017849005,0.6392596496858344,0.7198934603901218,1.127440512541168,-0.09672588377373464,1.100181197302111,1.020955888529434,181.95543784591567
1.4296831878913525,-0.38991762548455805,0.8985874836184287,-0.05969798796398365,0.6072576112455379,-1.343357577669023,-1.2372833594465944,-0.10767573499080753,-0.1529529165353811,0.5656681164225753,-0.47473821312332765,-1.0412724613400275,-0.700680762215758,-0.25191246688280977,-1.2722022487597633,-117.31677550675559
-0.09139743147727285,-0.17325122899340778,0.8754300904186557,0.8167721826309873,0.6493640946252442,-0.738619223139122,-0.29639557744683,0.1535724691951118,-0.5007477079695596,-0.06780032575668622,-0.0911211377185299,0.12233627935786988,2.998044766737027,-0.5009083673021814,1.1546708020932184,40.6678645515453
-0.6479522549338375,-0.5294276053438897,-1.5965300155219986,-0.8452274690051099,-0.17730531958797965,-0.019594399541074392,1.0001573386673381,-0.6730887964162618,0.6904026064516409,-0.04470828769194719,-0.026905058322747873,-0.6031964908846367,0.2329352071137134,-0.7478817424016857,0.7382554176717689,-5.639558944669902
0.5062072008850103,-0.20861926423034985,-0.45144711536432275,1.0691172765135122,0.20910790597181736,-1.432348039549826,-1.052313522207495,-0.6301729724488445,-0.7842404864747633,-1.5060925244330503,-0.6638725834118835,-1.0629170754507953,-1.131660568139976,-1.4428991937842743,-0.5071666594491631,-146.03442810899907
0.3436000978993627,-0.1345833033709228,0.9643905704037358,0.5220222181415403,0.6686021389480761,2.2473989343702665,-0.5738262831875266,-1.3435080827847807,0.1410364698885683,0.9062804820357113,0.4571086967471602,1.0723915978690868,-2.621928835951101,-0.4527524930127625,0.07392705796154606,103.52527926783645
0.01432793785884861,0.16401585351300346,0.28152242643831676,0.4472073127057496,1.3089265707696287,0.5754417120668845,0.5625649162905041,-1.014081032095023,0.6803173505468169,0.6275843122812081,0.3023371029532906,0.2757711465046761,0.22516596396939428,-0.23270903339644958,-1.811698635951792,16.118677591996857
1.203569454180323,-0.0044804818084327605,0.40363634329265824,0.8637235380289566,-0.6220192867559035,-1.2669356307697313,0.8210683474770502,0.12348367990730513,0.5503934697294325,0.8291222322518406,-0.022993599223317847,-0.4937299449444095,-0.11762014745826917,-0.6934508392393559,0.3510751722574436,
-1.3454843947407134,0.09284619044060081,1.3497496103629492,0.16358983992013806,-0.21160728013651528,-1.7306343960331256,-0.3590617936934773,1.2552624837265305,-1.164924731444058,0.19135455763008258,-0.865368375874906,-1.3187105539426653,-1.246847355690698,-0.6149475227775301,-1.1663088389051877,-181.66451842167672
0.14642940553913683,-0.4201523095440641,0.6279561244537304,-0.4423018800168073,-1.0422348242487083,-0.1012032841608616,-0.8761433910571478,0.089520041011741,1.9890129877033424,-0.10431562011976678,0.11595875798532138,-1.1797150869065671,1.4210681736600643,-0.8780025930768409,0.7595529442321262,-12.117142437625162
0.5416221666388882,-1.7335398737826595,0.2911587734227696,-2.0137335033004153,1.5678368865844172,0.8286489940336549,-1.2293121724038056,0.11153962962591508,-1.2254307159924007,1.4546291690623165,-0.5835146670357527,-0.5031456443300151,-0.2693744123801082,-0.9982916120755527,0.8626355342034039,1.2810910675847067
-1.9538898434673508,0.40199859956131656,1.7545849822409645,-0.47345982689802857,-0.5161394181045561,1.076665529147662,-0.39112073036685524,-0.24229372837137553,-1.9002455131220477,0.3586362904820219,-0.5353892076738579,0.0699084983238188,-0.46116901721377485,-0.43370218819171574,-0.08731233938479674,-93.17246216931346
-0.6427222870107788,2.173761064851918,0.588140557773087,2.7678386059960443,-1.0106853505626612,1.0796830073360726,0.03756974918580332,0.3245133295003806,-0.9895630195521515,-0.5635169546043748,-0.19483054464414104,0.23695527114861792,0.38728323124421293,-0.5750919215878265,0.8602019668795403,-9.598591049089114
-0.6799094788799855,-0.1237470157485088,0.5068753375488936,1.0002026623240847,0.8647160685316171,-0.2707203546277614,-0.16912821603684924,-1.3192493841428379,0.3675494352583652,-0.11376938889724082,0.37879779605566344,0.6952853063209654,1.588294253029567,0.22070889894216952,1.7209874948968835,
-1.2601832431024853,0.2238810876245214,1.2391428156041435,-1.8949891131808332,-0.6946213830500015,0.7490218765000518,-1.3279309077193844,-0.8715694115081601,-0.022361747420347258,-0.6114553049265123,-0.15601409388122586,-0.3685452145416367,-0.16918147923337828,-0.054960203821963954,-0.46753718983428055,-66.538715660724
0.6318907500038041,-0.26358616534724,-1.4474704324604888,-0.35745396110847927,1.082661940124493,0.028452195435203224,-0.3961240216862881,-1.9845036379955712,0.7658588468225496,-0.8850861544441281,0.1537450330021647,-0.178007622721521,-0.03180712148878676,0.21448332600553896,-0.12373294901828882,10.192988627105649
-1.123453029146693,1.365933266044894,-0.21119725745436826,-1.0619293413208963,1.0431614964713956,0.7488942917598626,-0.09137625024672055,-0.15162826175174926,1.839599672414919,0.5856739689872563,1.0423449330947943,1.2238092026088203,-1.2990222448773407,1.7803912677223712,-0.1882068258786851,196.3966722062269
1.6758635790008576,-0.8705180227275371,-0.07847819818939908,1.4443999659149844,3.3324755856490573,0.14931884979162835,-0.1260251112881635,-0.10917360372962541,-0.5617234053384174,0.051048956247415664,-0.6298452529704387,-1.139651992516749,0.8312877014731712,0.6503290607324073,-1.3900789495753054,-47.83627632567173
-1.2338205895888557,0.22156192656022153,1.885273796043958,0.7990231953511839,-0.5677341237503637,1.5686326457223316,1.1891489081435995,-0.05943055140592261,0.32724015759763136,-0.03611517686912521,0.3696064218179065,0.6944136052295603,-0.5328551189206503,0.7437505562655381,0.32735377445575126,78.42040168092318
0.18541151110962328,-1.0444292126770842,0.6330811740073823,0.9243321606847458,-1.0061084757465975,-0.9109118068002603,-1.8838523519728367,-1.7650211605068875,0.6973813763502603,-1.494719837787198,0.3838378949622203,0.44858312693943087,-1.2278879781181153,0.21523474763141773,0.7910150662942436,821.244608761355
-1.2130310134038889,-0.43326425106095634,0.6084303765775486,1.333227580941725,2.1393471305850364,0.4847296795573163,-1.056852691134114,-0.874703564340225,0.15552518643646965,2.421358125892533,0.18764579586950736,0.3624382259279824,-0.026996740052670616,2.223282464568852,-0.45077733893437566,83.13310279289495
0.6779025641512547,0.46664162455826097,0.36056877098826384,0.2707937600916887,-0.3251215387882473,-0.025659512418370695,0.017840108581449535,-2.59373164595504,0.0990598064133244,1.7414581540609948,-0.15176596569801154,-0.4729360055409028,-1.3993313162573535,0.9290746479148919,-1.3473960956882274,-137.0293556753395
1.6275770036079769,1.5767807264607017,-1.1042704375026735,-0.1843830949644785,0.9734565027134637,-1.1730163923391255,0.18533791731778004,1.2249435818253889,-1.980367406976507,-0.29791968437378546,0.11486429267831728,1.765842488638851,0.47678872722238713,0.49689211604079236,0.3965592415292998,
0.7753706227541307,0.5282007681791228,-0.745414508320134,-0.9561079233557666,0.5801045646739798,0.8817152031901885,-0.3808435705737353,0.025184397706054223,-0.4493969348269473,-1.7310078467887933,-0.6199963458977149,-1.2197866732272202,-0.6274583542773053,-0.8780476056052707,-0.9472252379631749,-100.20280809106382
-0.21642971516510415,-1.1424288082291008,-0.6128256168111329,-0.39178774757058604,1.3945217246924706,-0.11703889068783807,0.06799315481249461,-0.4823512997478913,-1.0324585551284924,1.9160805361012632,-0.9809009027892881,-1.658995637812871,-0.16641720696817167,0.41434880558542236,-1.7132572754872792,-185.59350864497867
-0.42788200950911837,0.7206972757706286,-0.32247843321946446,0.8093332725277217,-0.668243028351063,1.0085102698543038,0.2684913682728559,0.5178799569893798,0.05657929279543365,1.1419698482521885,0.034996713507694184,0.04690482896146212,-0.2691593382394408,0.054114871491633756,-0.8453513252181438,
0.3593516288018388,0.3774703606328191,1.028409353053295,-1.563348417213185,-1.9096605329538994,0.4789612476785043,0.6122482767346202,0.16737803010017263,-0.13929698924504486,0.6922057684614732,0.7203488864633175,1.9012898119818398,0.8526437941341831,-0.31055729331907983,0.7225392611370416,104.497374973898
2.8749878759925567,1.3770597188198137,-0.7559820724124608,1.1173782864983448,0.047463174050134456,0.43344593115136265,0.33619533736082324,-1.714509236283979,2.094814308055599,0.8993326799491962,0.16832716026148456,-1.167566313160027,1.0197803778805077,0.29488450075934597,1.1126803670002117,21.99856697837474
0.7328145106788516,-1.001538001918085,-0.5182949591097712,-0.2965778682896905,1.2625791259477817,0.8077064427145891,1.773116601631159,-1.2953237171536927,0.8128520710527709,-0.7502734473756572,-0.0002930510832119329,-0.660155316782274,-1.3766939734254395,0.829742701317368,-0.9925236665265672,-24.337327811846894
0.046262521473673254,0.31992076080446336,-0.6629736502705441,1.732680174962332,1.2513140462595789,0.09342230342176916,1.5671213914787987,0.5174234058629464,1.7807400828827153,0.7047099229354047,0.22146014942531794,-0.7560170657681492,-0.7179486494116812,0.41450438801999206,0.3623675553031793,
0.819062188778659,1.3591184251922988,1.6197013317399795,-1.4082907880244353,-0.0012179382272337867,-0.05466735267135962,-0.47301797867253303,0.18963710663161126,0.12979799706817408,1.0280748350861575,-0.057732325546373496,-0.27751563893642767,-0.6914196695565934,-0.0747601104909332,-0.12530876007608555,-14.176361268711732
-0.7636474507760674,-0.9325814097294212,1.1941992498469958,0.14410951554294293,0.8086915529445371,-0.6794912242715994,-0.4339463453049189,1.310114225047302,-1.061450003064948,-0.030921265885803278,-0.39256749719643946,-0.23995675282337578,-0.7676938785625205,0.08036033969711281,1.0939997501928012,16.64931004166308
-1.104730301201883,0.11186548957394625,1.0433938015212074,2.6147326623955793,-0.42607950755340523,-1.6056783172691491,0.29782205148161034,0.09905910108551132,0.9613240516491167,-0.6170350225354178,0.11942027386301798,-0.37636890349312896,-2.1222226700534548,0.20622971009691313,0.718528172838188,1.9502507612751891
-0.9120883987894639,0.44632107882901284,-0.4579228958734753,1.6329413174648586,1.7254078182123773,-2.289831013060326,0.22314570864476554,1.1431860224156944,0.8085225245158156,0.3470377071163105,0.3373006457579086,0.23732315527327497,-0.3631088952709687,0.7623157005548516,-2.56934693404471,-729.8319516679416
-0.06573100015492052,1.0334455743159041,-1.005980755301094,0.03208320103906209,1.423985301918672,-0.8630731480590692,-1.3258983276490484,0.5918415524732403,-1.1189923942750228,0.9935092577899977,-0.7066945739009322,-0.9200374668169831,-0.526310819051548,-0.09700384934772469,-0.31605227786941703,
-1.6498174393031877,-0.07495861696172158,-0.6465986239360754,0.13404065383459782,-0.6361018768109751,0.9341598772138762,0.6537983532128888,-0.09972150789179846,0.03082067873522166,0.03839111127157936,0.6151335085610469,1.4737072453059141,1.560623416975185,1.0890061938334528,0.34536896876382234,106.20730488734485
-0.5373251138587531,-0.2842499335490119,0.4195898907000429,-1.4983884422968456,0.25716049331368956,1.28927995270654,0.2882792998082356,-0.6682751077635922,1.317743908075614,-0.14480198122266,0.42147230193905283,0.04538430800890069,-0.7842253264457836,-1.439822261846116,-1.5556085222979699,5.556750210234458
1.1257472417145382,0.7832123003692945,0.05968091024839459,-2.099655928208425,-0.31973861019892347,-0.27785736235906056,-0.6163592124511773,0.5695605642384578,-1.5971320680716514,-1.129775597842293,-0.39005912314106017,0.2369461576758164,-0.05837578428774447,0.034733382813895805,1.7171140614081573,4.407537846185672
-0.1769163619930439,-0.006459455495857507,1.0077512462100622,0.7357551633689957,2.067198441369827,-2.399307727243238,0.11945558872604985,-2.117265240199065,0.024800044103198665,-1.047166297876604,-0.17369844368613557,-0.4462682257077598,0.889738877808406,0.7657654187101663,1.2563840141533584,
-1.3763190516759034,0.6810488754847366,-1.2666000764335201,-0.0823002740164778,-0.9961666731840196,2.4688686883674253,-0.8815882147023706,0.39137665633788304,0.9068534448804338,-1.3993784301488348,0.4116065951313915,0.35088716816143856,0.661457622285304,1.0662114039038566,-0.3657231253979526,55.53327742198806
-0.49522246339840537,0.7458409562769707,-0.40154542662955933,0.3360458368234717,-0.1437599991515564,0.7144011220601029,0.2236481370700554,-1.5100452637419701,-0.08407630337290903,-1.2316298573581463,0.3746931056554841,0.9885581475714242,0.13395061703065503,0.13669817471705747,0.2040856155637831,53.652655015430426
-0.22488242759481758,1.1656645170064224,0.32999191417429224,1.8378586556533194,2.29696027608085,0.7790617748224908,0.25080925712476493,-0.4567595492575265,1.1925766974083956,1.9110149224773918,0.23274673967578263,-0.3113987599908214,-0.505807799136458,1.918624864622364,-1.451938442231182,-665.7700162880931
-0.22684337080761638,-0.8156705015532001,0.5314226825752577,-0.5690825978909748,0.05289198322432758,1.4969152749750871,1.5092069737108251,0.4115824640130838,-3.006041968371646,0.8344617663845109,-1.0279749211882374,-0.28983396491865454,1.4693314799965949,-2.187900825771969,0.014596411707204784,
1.3592289492097704,0.8757551443531589,-0.8491804998315605,-0.7719490005629601,1.5374361645502699,-0.11095802129229383,-1.0091012038742002,1.5230858144377353,0.6562641776874171,-0.9780707665795524,1.0834455081040248,2.238056177807239,2.1601812652791383,-0.6250752598138968,0.3996118548236447,270.7233548566286
-0.6716958614464853,0.9848485631299595,-0.05558685314824349,-0.7427196323117322,0.6352884013411897,-0.014810874327355408,0.8562194921538054,0.8063585655507759,0.17853156857861202,-1.3739972012515673,-0.03496040873293034,-0.21656789745759292,-0.1876041550654443,-0.030671039312904026,0.23271266143571556,41.60837153232123
-0.1411512976827431,0.6100554450466902,-0.4062854342433914,0.629365586195508,-0.5692342836991511,0.9139486117033133,1.3758695764496482,0.31086959481627824,0.20769093922547044,-2.036545151268412,-0.8942700014111085,-2.421954112244608,-0.6344057161117023,1.8274090009860484,-0.08952514533510532,-157.2713575403662
0.3948721417215119,0.47177567160492184,0.905283675236724,0.597700741862237,-0.41641046331880244,-0.4440568532741241,0.33612152174660287,-1.1368838618801922,-1.5255780165254982,0.6288703072477376,-0.4718499981200818,-0.04203151777982389,0.5409571429698065,0.2596809240221704,0.4758926552889769,-97.08234916015154
0.040649249612954685,-1.6391895831031005,1.0578468208930136,0.6629053817797083,1.6128700410087553,0.6159049730903415,1.5340839734571055,-0.5943247356183734,-0.12290045447336223,-2.545241497765026,0.48162301990564443,1.2540483576655197,-0.36544940434844997,-0.21155722952557923,0.28845785598569096,136.23900553561347
-0.23266230189220818,-1.4927264385225585,1.2876004978589892,1.4206876002021194,-0.47165991659576845,-0.7375029364783184,-0.9188618618627393,0.8461784286278554,2.3483536846940614,1.228218089027878,0.41279147989386783,-0.693096438052023,1.5497077520957983,0.7728781555973888,-0.7775867664195366,14.078871224672177
-1.4433775250977363,-0.537654507208187,-0.4895686432819563,-0.9364989310595114,-0.6696704110307476,1.0152497343007811,0.2759275659226928,-1.1253692740994732,-0.6299542098313967,1.1507548937604393,-0.3198180781157781,-0.37625993872701974,-1.1836858489785373,1.1717997323058453,-1.2104980898459463,-128.8083186246033
-0.16845176284133911,2.554719483871536,0.22654105454358744,-0.25281937977750435,0.12360804298566895,1.294403916874138,0.6836010882586863,-0.8297211890391152,-0.45139614240181253,-0.6312682163188243,-0.08780309019064972,0.06432688032112313,1.1780103148374808,0.027883131047426363,-2.3603673939003267,-93.26835702775287
0.6082927613258082,0.5671386607369906,0.3070393573343447,0.037927262697680396,0.512158519403861,-0.46461793242340665,0.7555779814109791,0.23992898761783324,0.8168771265801344,-1.2731507615535824,0.0957990760131911,-0.3195473146692013,-0.5905085844878819,0.12917099039817612,0.5572106032837881,
0.5855701556927126,-0.6580803061269587,-0.07843272674871994,0.5753941642895287,-0.22025985902403108,-0.46495277492196685,0.6510688208572494,-0.63176977560381,-0.7144003852382506,0.3921042264875555,0.4168564414413345,1.590457871270911,-0.7687920322641563,-0.02096336132023144,0.33881617825714294,
0.39150308423374736,-0.8468426391406567,1.161743836460812,0.524771661172687,0.007467659156299013,-0.17946215333192378,-0.37042439459049276,-1.0911938736562077,1.5918840070911249,-0.19586866863350985,0.49433681787412725,0.027762651116511907,1.473838563298287,0.538712632259065,-0.5100407086889593,38.68439284683323
-0.05984068818562279,-0.2126460172159719,1.2142796500537647,0.5304805502091218,-0.341424662297015,0.5783804367870896,0.09445968695114755,-1.6468821586701328,-0.2749189847088353,1.1521201526782925,-0.2737050033905879,-0.5680970607056568,-1.4061663409143528,-0.5705180611203515,-0.6494429536160274,-115.086931370284
1.508834667580213,0.007167828707330189,-1.2169424585153834,1.4933183675536594,-1.4289498028759733,0.09055899395159205,0.9258611837990731,0.1709552658048125,1.2733294959947432,1.5004091452738564,0.2223789852626197,-0.39354088734216564,0.23852111909139218,1.4327685409530806,0.6495928765832951,10.964372293029548
-1.10373488046604,0.36989951087356826,-0.6186794955794649,-2.013030378352578,-1.8275555349517387,2.2430047890526237,-0.5522475558070201,1.9563485178881128,1.1060411835764488,-0.6920318084319893,0.535777730576827,0.48286399177542183,-0.4123206629099357,-0.2205732477540433,0.895669405124025,114.87000862825062
-0.8275825102279608,1.7270379911960603,0.7533151615609142,-0.7671155368074863,-0.9582080416688015,0.5151379515781093,0.06538770851573748,1.197460100104555,0.8795527015690988,-0.631440129049761,0.8418069373205256,1.4327829067665065,-0.5220969562085239,-0.22269050554973108,0.5395069565447991,156.1952860257989
-0.8955733697806716,-0.35118289949626497,0.7157496346877993,-0.09889519395060803,-0.24482849439218357,-1.3103751861706974,-0.41103187969169863,2.455572832949153,-0.9241362824592712,1.9567388401979575,-0.5097940985603001,-0.5702006628418426,-1.7963567476727305,1.397482157767064,0.49702128058552697,-35.83544307925805
-1.045811595291663,0.3318220797070587,0.31826289788565004,-0.17584325018235702,-0.4603187179629523,0.5123320297104852,0.15857545385539115,0.14816766120118405,-0.10718849878005611,0.5406107047210089,-0.8900952612059783,-2.1491110728456317,2.131825233493749,0.2028990446784172,0.758883108607553,
-0.5092925146486529,-1.1405197022813696,1.0538370625018965,-0.24309583338024965,-0.6932239153122709,-0.3413143462413669,-0.9383024070014352,-1.2327746474361188,0.16224251046683072,-0.18249755496297085,-0.08991492400904086,-0.33194825695149854,0.19947615067525942,0.8612157445594059,0.8331722388670005,-44.16311126005018
-0.5139378784180649,-0.8825517152254041,-0.9159630537890852,-0.8813645208106424,0.9503641009751019,0.1199175296236396,-1.0858059609462678,0.6077956593699791,-0.05373679970353234,-1.1037146639620767,-0.3750130115489567,-0.8909191946453285,-1.0073465372379582,0.8871248987353224,-0.21117938144314588,-30.172076183930194
-1.4526022391801583,-0.19602291064280444,0.11582503487650063,0.966554662358716,-0.1266911276799717,0.5789195706700814,0.6606035590416811,-0.5337847231768156,-0.780449926112033,-1.7230056932835787,-0.381128966019747,-0.42624533152188343,-2.8380316343462977,-0.33607802170748036,1.6961896542264334,-16.507015356018933
-0.727428103832285,0.4897867020704986,0.9719374644547537,-0.048774614527459764,0.12703098702818488,-0.18588642963113353,-0.5249987797515904,1.0409155990497272,-0.19044263915137094,2.1177763301469112,0.25557162077682133,0.7780982043790836,-1.029675901943583,0.9590407957057168,-0.23859315286912167,66.45797897036638
0.18517446530313508,-0.9879928663271703,-1.3160159292338993,0.35575048755857236,-1.0926074992566277,0.9792462460043164,-0.19839636317961243,-1.2242519637224767,0.46537089325815634,-0.587195464517303,0.8743458739208022,1.7993737854913858,1.1598129830351593,-0.48004996028153085,0.6581993047702805,123.39368044531544
0.05309210687544293,-1.4803972740129507,0.4123881656887482,0.2883513302021843,-0.4009012009941764,-0.9547545571075563,-0.5178471128924279,-0.22923830520061592,-0.2970740644750335,-0.8404999396121341,-0.21330590917088954,-0.32782584966558465,-1.9790877113261522,-0.11497614361206603,-1.5106973154747203,-116.97745744179856
0.6805399638592553,0.62430038188368,-1.8688580756000648,0.1160044684196751,0.99644374151322,1.0996062247834302,-0.05403257257782266,0.8438075286931385,-0.18446226918215275,0.2530632526274339,-0.6912867449885134,-1.5855499602114278,-0.15785181760038244,1.701016705721246,2.0859695888309795,11.928772605311309
-0.9424816238733608,1.2689137291630306,2.3804106520824826,0.23248834324108406,0.39154961414483824,-0.48868807636895023,-0.9254816523587042,-2.208728751071204,-0.48887896681122234,-0.805414947923119,-0.7367772636430393,-1.4730107544360085,-0.2182697016194501,0.9118995343189851,0.24369458075133277,-146.30963628394818
0.49665303673900785,0.21557900482660178,0.16653689110944145,-1.7245236953890126,0.26350275945183566,1.803626638529066,0.6994710601449113,-0.3559570247612474,-0.21788059021614326,1.1375414533102282,-0.7644827362787818,-1.7310081194535845,0.08583586634038838,-0.5197059842224561,-1.2095054717410951,-150.31028576989286
-0.7734183069089301,-1.5339116715056322,0.14778509217038213,-0.26973606655161275,0.48118819478469577,0.2839979723735555,0.07097700365507703,-1.5581858047581199,0.5521510079153911,0.7752140351359358,-0.174815480521853,-0.847130125558413,1.0347405390888769,-0.9190690636251777,-0.15242440559156165,-49.76454830469902
0.11812023798902412,0.22919589446437835,-0.5911882877552759,0.5899404696659472,0.9445295816133497,-0.21548792257988822,-0.5507314095444797,-0.8302037527487427,0.5501432970947686,-0.9996185298420611,-0.12498232676544506,-0.7603259806115078,-1.4856988232556823,-1.6287408807941328,-0.4422745542815431,-42.083787686941434
0.7128594953111096,-0.39376714318137945,0.5102607643665124,0.8060840064472422,0.4699918571037907,-0.4585146291157686,-0.10778277630229915,-0.41260509580984517,0.3133641861643483,-0.07858531095762092,-0.21767519681101055,-0.7538620028451697,0.05622257634571196,0.7548409318573638,-1.8610025954248455,-102.92085224504214
1.0030526170169536,-0.11956459906036519,-1.469768968290107,-0.21696959935021276,1.121656339110002,0.5511743046534341,1.0258489524771857,-0.00841536158571555,-0.4761750925306645,-1.2091873826452695,-0.6213448282166417,-1.1698193327102187,1.2800570777436606,-2.024798687779731,-0.4300955929182507,-72.17173739240741
-1.667051694731302,1.2042893212403547,0.2466979059330212,0.2643593360119925,0.5165625258607633,-0.015026367292627,-0.9546969388285378,0.682180454329132,0.6723952521743463,1.5902999907803235,-0.27006883183492536,-1.189348899833348,0.5338347752185335,0.33927047642001723,-0.390514513776481,-34.76118125086508
0.6601994612613696,0.41441067716766794,0.6218372010739796,-0.503839617730252,0.7446776726666089,1.3011287593373495,-1.0546991803714192,2.1440088124294623,-0.5764156386724762,0.4770489202325775,-0.20412047013583884,-0.056694345466398635,-0.7933761009095225,1.3363678896502216,0.8802837083128295,85.35748093389397
0.14100307219448735,0.5188297848697041,-0.017237543030853446,-0.2981096590367081,1.4580513979782823,-0.05004625600502962,0.7860013783532868,-1.4823216980449339,-0.2700840030541118,0.8567560266221387,-0.6177950827451002,-1.3612745886660194,-0.6785744795281572,0.44460937118223615,-2.0030522932137975,-159.89884092278783
-1.0704532105761038,-0.544963813769692,0.45935098779467465,0.00040982718286855285,1.461540365001242,0.4569351146399727,0.20598655865631457,0.7032221378232583,1.4249249406217972,-0.38678644342438184,-0.2688262054751312,-1.7363851388640472,1.150573696392129,1.6437047110743654,0.3363895041911352,10.600811635535369
-0.8643357244718248,-0.3299552346553512,0.20831561482528926,-0.7452262170002588,-0.8438531310712891,0.182367478217245,-0.21873618629012032,-0.4540280060780781,-1.257019865781589,-1.778154945390768,-0.6613336781516977,-0.7150164000225199,0.6804922167317281,-0.3658035051728087,-0.8990624270203004,-160.50749499932937
0.4160554747091447,0.11414965117439424,-0.6219735284989371,0.37027741407549447,-1.698443281734605,-0.3640631053057455,-0.7271032624993984,-0.4431009761594943,-1.245918451156115,0.34781551141184736,-0.697333481642382,-0.8365483130095649,0.563861497516468,-1.1772057582844793,-0.031812242604307865,-187.44414254029138
0.18550013131829088,-0.40818288981836837,-0.32570432362685836,2.6282398963688864,1.642917769538671,0.3165397979560297,0.7790837294746764,-2.0304354435061285,0.011068020527177435,0.5872383228948479,0.0637807997215095,0.17823588132928173,-2.619584709002285,-1.442251121740233,-0.5561068249559851,7.531091531855671
1.5618899659506467,-0.9232494816914796,1.0755915758825358,-2.1264099325432864,-0.3609498373145554,0.5640476600734817,0.5683126111957234,-1.5427924370317838,0.23793125255224065,0.2963544104467079,0.020975017851090204,-0.10320671343288093,-0.040955101025667275,-1.18189474270567,0.9017693304593257,-5.2272459917842475
-0.5788417197210363,-0.5819059965732002,-0.5344002432834778,0.8981959151448798,-1.006092947632423,-1.0138956936068872,-0.06387395844421902,-0.3348521009640825,-1.1621385935968718,1.7010996545075463,-0.17456588354643268,0.4518558812568645,0.28584398778564657,-1.4396249562755858,-1.374858276545484,
-2.4116007881669566,0.9491276854454888,-0.4706934011556741,-1.1349360770446586,-0.3501068499975288,0.6157160410314337,1.2073537036068314,-0.6506735479690688,0.16186242479607924,1.4387021034626588,0.07126335110887665,0.031748217714703174,-1.147291735195298,-0.939171303124776,0.453483171780807,13.105830353889324
-0.23154934529057372,1.088172172149265,1.0124229881237012,1.1175001878106146,-1.3584639143230621,0.9582153224256331,0.7041840335659592,1.088191875338359,0.12495743708859439,0.7679515852641634,-0.062336703483934705,-0.27299986010397376,0.6517469437009106,1.4432534194277564,-1.451745411837684,-75.50682637666966
-0.44764902581993193,0.36748961854300854,1.0100786429985453,-0.26140158343118797,-0.15781633143249685,-1.7571537619625475,-0.5244760628456377,-0.8882892324976357,1.4766194055624597,-0.25511728517413496,0.33895812015089183,-0.2719074699814791,0.058783695191814166,-0.05282072636220407,-1.620246378354662,-67.86428145853995
0.8833074367680229,-0.9493882104912511,-0.27940795441478944,0.9570200269632887,0.1181753099002587,0.273976210628007,-0.9065010064629475,-1.3081020069998242,-0.6768271246211446,-0.8367969992587357,-0.05575514186450283,0.36373744696688115,0.06575557178956733,-0.869507239247143,-0.5854947872762214,-38.95534310967014
-0.3413856496105658,0.8875602404265237,-3.632534213739755,1.1681313825340702,-1.0539647433300605,-0.29480089921370867,-1.8488957519103093,1.3102787517448453,-0.11698096414112989,-0.3206440446347286,0.632644068447424,1.6171027364031125,1.2599518527722284,0.30392314463033976,-1.3029551234959074,58.06400647033938
-0.3854073312795946,-0.5007005166048492,-1.2175898959814972,-0.5731329709713971,0.6241927450053834,0.2960588167994516,2.464934683028748,-1.7313848570288806,-0.3721386274982596,-1.4592396731850914,0.270448836467137,0.9705614400670945,-0.06237398359202327,-0.19427285477731823,0.20939954050750287,46.579195814146374
-1.8025303446908474,-0.3903772780763161,1.038228828027965,1.21775793263045,-1.0233439234356663,-1.5791829047968193,-0.2692645859325787,-1.223448115529465,-1.0945286803506735,-0.42863293256864726,-0.03202293204778845,0.7487653892382896,1.1177088460593605,-0.4388527669313189,-0.1303652499911778,-81.52119019196009
-0.13203624432887787,-1.8203892588486426,-0.5218063334163613,0.5209016847898873,0.21925464445748155,-0.5751083210837035,0.9240119272242958,1.1915364440683782,0.47633647905425475,0.484698982871142,0.5224708034550828,0.9438406672318336,0.8924612953822922,1.9959583124089562,-0.5294372301171062,87.45568514335442
0.11197618763567874,-2.2604778862993746,0.23279983847149854,1.4565827996052492,-1.4849386123004333,0.9684166346487196,-1.6479531096712245,0.5814008828588062,0.24288897352437908,-0.05432101483077685,-0.37030217863133524,-1.1004237133293953,-0.47497449176717926,0.03527755930021507,0.6951678985677671,-68.74276811770983
-1.3949304089678185,-0.21844782197023002,-0.1628982841533834,-0.814424812017932,0.6294800819302192,-0.5628542009864572,0.5947996130883042,0.91656070876748,-1.0502109119129694,0.010182534484474391,-0.5798370958149646,-0.679958778942857,1.5588517702874283,0.7833591202934056,-0.027908181312575553,-54.477802036324796
0.5696039721911026,-0.4506152556121581,0.7195195709617239,0.03785150806677139,1.2615769927457805,-0.36886642252776364,-1.2888871978515362,-0.3487310609263448,-2.0425947097256194,0.6229451595554671,-1.308774125420247,-1.7691787188773032,0.20560329912407013,0.6140038187976554,0.47605418504036634,-166.62947706454284
-0.6682449439960163,-0.2786837397305089,-0.5220299014898689,-0.10142160482840651,0.6268213272239554,-1.2817495438214979,-0.7301489988229487,-1.3504662911908059,1.2602869352761747,1.6039206551665282,0.04550770675383334,-0.8071126902359822,-0.4176107091174279,1.6260681646259756,-0.35742300587842274,-36.57922491101322
-0.9611159974176318,1.2781376053969415,0.3797455583515517,-0.6191366950779185,0.582088804314226,0.9585592063574349,0.45183954925248393,-1.2621545756452663,0.3226388277243519,-0.593086761467825,0.77964154708301,1.7014300330934289,-1.7531992074918261,-0.2647859414869039,0.9755218757113846,166.49290471573684
-1.068811635960981,-0.2819332241701913,-0.11431261920187412,-0.6812557312962043,0.5291245623753642,0.12169903681123899,2.5778353540512415,-0.30427618153072633,-1.0392736762936439,0.7662865187249074,-1.2293330244857115,-2.2757411013560995,0.5489558837754649,-0.4219452943465727,0.5895970222589533,-176.36585143133433
0.09961742381016102,-2.0255272110571902,-2.1229486816447314,0.4381637512329783,-1.0233341201272108,-0.7705363608912185,-0.7750141300365546,1.0336645373628022,0.2089568177709236,0.14684938192556235,-0.7099092763287562,-1.9457572538997736,-1.0807772094563737,-1.8335743850461055,0.49312156810327623,-137.2443561212179
-2.091525767568183,0.8829228423039359,-0.6386884004521722,0.41005777750812716,0.723784463774002,-1.2852852393167367,0.965663731784422,-0.06294234118995622,0.5536799421560435,-0.05181796795631426,0.5253347469142117,0.8415893772164206,2.654493615213911,-0.9546295726799515,0.8371284101260209,
-0.3990813490645424,-0.612116382431326,-1.8534308176583205,-1.030317918784189,0.3650933726624744,-2.1081457052950765,-1.4536682040016833,0.13691570066405473,0.14057264401565953,1.5075481232285317,0.10756592484995633,0.17630350221021465,-0.25580415130083073,-0.5162579728378129,0.7717704542704404,41.537470760355646
0.7733459607699951,1.229168686305224,-1.1042559882333998,0.4131487459161398,-1.2371093016522534,0.07515593275282477,0.8409264059742968,0.682525412479088,-1.223873215970974,0.23227254985478388,-0.42073610074168444,-0.12535762406884474,-0.7636976372496376,-0.7973984045661022,0.21058520813155873,-84.23256243794859
-1.769921813418211,-0.36997739971592664,-1.0698911068088914,-0.2831476706814105,0.041518511944187875,0.9503002930927663,1.2930818748410058,0.618971110989125,-0.9297938392643053,0.8880885669506777,-0.3865961153491054,-0.2902270390320688,1.8849736811379798,0.910544171218636,-1.4246095275632955,-81.69141636803023
0.37489837592649705,-0.18158053326898518,0.44397903984990295,0.997567782545509,-0.30647208954375954,0.2350696030948904,-0.26422435116860743,-0.3582646041263616,0.2535446146924498,1.3659911020580744,0.14838608436308914,0.16382359642470598,-2.92209687549209,-0.06734815244723447,0.30117409654323307,15.351221943339542
-0.08423076895716723,1.3117542762017567,0.7391887222908161,0.2522433773673383,-1.5944243079624558,0.8705235086352499,1.851243614996484,-2.42263862120797,1.92667750638408,-1.059863427629765,0.7058812447839636,0.29924061881360753,1.2566032297804282,0.48492000893268483,-1.816478445062343,
0.792229888067521,0.28419522235606687,-0.8368560526545841,-0.08152649559637228,-0.824035971698162,-1.7975319510734156,-0.5319850040836341,0.5845958849720156,0.9348919234288938,-1.4984443218514423,0.4466765869835393,0.4108213760767506,0.42231406088957846,-0.4297964563639476,1.6864721428908453,88.39957956780205
-2.242538573679737,0.618788285214663,0.46456414052393463,-0.33637877056584925,-0.1519603041336539,-0.7528755829019441,0.3192333745956377,-1.2864823392440186,-0.414751230246425,1.1132985619308389,0.2191260313757435,0.8666263561635653,-0.15906976768031839,-0.6797855750868169,-0.8377616595178179,-26.781854221474102
0.9386414418496656,1.7112464275029584,1.692046407283307,0.6209818756638491,0.12005948000397414,0.8409933132374828,-1.5640166055638962,-0.05890259889877998,-1.1791395400230924,1.0647612737815755,0.0543677884792576,1.0115075635384965,-0.22020933916438482,0.11227873374816612,0.1383260208885655,
0.12359004885905403,-0.976486057630792,2.433132691921718,1.4566827398160551,0.9582090596257183,-0.4985549834597072,-1.1081807746274432,0.509960118249472,-0.861704385908755,3.024404390031812,0.24785644447673535,1.2737483972098125,0.17978743588861754,0.7770233483251274,-0.045595023532935444,83.82645429873155
0.33716730712984017,-0.030410746064383314,-0.296592899769669,-1.579820421154391,1.296893283746809,-0.3041429531239625,0.6703031495195051,0.6783940506555476,-0.7816373013510346,-0.26439544741698645,-0.29710652827593476,-0.19752682403609356,-0.5600559717628607,0.8389082358883339,-1.728086093008442,-50.138109827016336
0.22729089272096428,-0.46009735611874736,-0.3985206167077836,0.06253962967072287,-0.011289362850642706,-1.0454360900442812,-0.3960769369677894,0.15019059674258803,0.9518179873778179,-0.08361490805061525,0.255735986163311,-0.06524776192545856,-0.18742086831206597,-0.5310437265039659,0.4058574542372709,31.606223750083018
1.2425481272943963,0.350641346437649,-0.33280181304531997,0.8481836261046409,1.3909486470624577,0.028384446087920782,-0.876986325125009,1.6183827636258357,2.0603490828806383,0.6398984782299076,0.6730806063250381,0.11514908014545734,0.04827696699485048,0.15303348513845977,0.4462864162921361,
-1.2274308383880432,0.460739815281358,-0.24302011046126765,-1.2741411442905262,0.577202915419506,1.1133673499867678,0.9848504427443028,1.5436600883559641,0.48572831533969885,-0.15671012751118701,0.6011463185504673,1.144706191603339,-1.6375226357292743,0.015381863803276503,1.3232105438998707,215.05386431419814
-2.1092407170171636,-1.63024237037263,-0.4550946636502266,-0.10655222019565941,0.34368704742615647,0.9793148450121003,0.25275739517813944,0.7810526859621261,1.7081812188209762,-1.1418587205734438,1.1469439200288212,1.5600131460133781,2.062029874441393,0.5427627979444983,-1.0443098402085702,180.26606610323714
-0.24334403759701115,0.10932615862310252,-0.5186498191382574,2.4335442679447934,-0.07225476390571578,1.0144005802548364,-1.3140438426949475,1.021571604212717,0.36991734903913553,1.2055596805300028,0.027488724331700656,-0.26074828453845766,0.7782446513423144,-0.1393563673273815,0.2888147400258055,41.87463499583678
0.9552049397098163,-0.6305819463424005,0.6202787210492168,-0.3735204357161461,-2.4362578954914302,0.5302653090348118,0.6827366190688677,-0.6108567454994115,1.0806081122874347,-0.20369753853705766,0.3887166631543977,0.16122989974760182,-1.839218784713446,-0.4800441852565858,-0.2863412211359457,
-1.6925849927605436,-0.10462966878143883,1.4904555224051292,-0.11844755920876224,-0.00769270529686639,-1.0048483437748081,-0.9006411027478045,-1.092149610765177,-0.47356286266474845,-1.1386621518629843,0.13874033035953243,0.6651293846876997,-0.7748318769237985,-0.4061977292584207,1.043906237197541,26.535565484748645
1.754709577871518,-0.3708817496767604,-0.5731961919274203,-0.15114896348421086,0.7045706854416377,0.054567715097787704,0.7293984890158229,-0.1328902322961078,0.7206183107538019,-2.3108600165158446,-0.16049751683194044,-0.9874308395390685,-1.0887638223481115,1.5588494717295278,2.56115419698329,66.30563544264328
-0.18434883071860353,-0.7711873580478916,0.18984367865308657,-0.1392733564300794,0.6260994678865842,0.3601723244450468,-1.3698708371611983,-0.14912815133479712,1.062492913685972,2.152908514963622,0.21406976468271363,-0.26084479299122004,-0.7360373332406337,-0.06036045083194705,-0.13653995602791352,43.85758373306514
-0.5111866626247903,0.7954860374405682,-0.6391588698333069,1.230333014196762,-3.6205118128442324,-1.6158988727162646,1.3615343311137122,1.4397108357246478,0.3226033199531152,-0.12476698780328635,-0.12972202350899015,-0.6000035576974581,1.1702926260729332,0.6540916898069232,1.0541285379178689,
-0.9080467352681126,-0.05616801223802037,0.7737058857808502,0.21069833176381747,-0.768493849263483,0.7223608174744941,-0.39121712644720313,-0.22892058712397956,1.046591038513382,-0.35916575588047034,-0.8489630449596628,-2.92469694852236,0.22812932938617153,1.7240102676338138,0.15327422886828215,-174.57451767793248
-1.409345748498244,-2.070279494217044,0.028223091156281466,-0.24830647646292853,0.010359080473587133,-0.9260914113632018,1.1395252251735761,-1.5593251025150372,0.6624208886716088,-0.8147518422307377,0.10350091997988607,-0.2197630054903899,-0.4839249809827107,0.06469541720970208,-0.10562648324331862,-33.237076662111754
-0.04198493194393447,0.4727808631508024,-0.7642899828394202,-2.0661606088381057,0.09067781872507112,1.8613261124334237,-0.6483970660695426,-1.1464081968404671,-0.06800575167602874,-0.06733123138079898,-0.1767072245993426,-0.4276210209528144,0.05853326725564647,-0.03144991453132286,-0.30141728241822185,-35.90286304845316
-0.2141227822706696,0.19493971974059168,2.0361943282146697,-0.4329668308466341,0.16698332214052675,0.33657229663419075,-0.773111665346666,1.6284615391847221,2.2789613253028667,0.8988735618590986,0.5612402747307949,-0.32871133705518385,0.6062225111441523,-0.8202674253537591,-0.417984076537994,103.4651488991198
0.09827979002798426,-0.9609307816034022,-0.661107369496826,0.18098777586293419,-1.0715417915197945,-0.2566923422964793,-0.12911683319487197,0.43807689939114697,-1.6410115172887234,-1.3307803114829864,0.010831200577079361,1.2900746899403999,-0.7926570272408008,-0.5434856116085347,-0.12999531072239462,-9.198390661527462
0.21920609830191656,-1.6763229700589546,1.408146513199625,0.3100132525577848,-1.9814703896459094,0.470217118441277,-0.7865468899317933,-1.119551773974209,-0.19669978817047404,0.37618629726795083,-0.23147320533340424,-0.40275081996992723,0.2694435682745567,-1.1755734616185693,-0.10625175143027805,-126.00858893796075
0.3112290840956157,-1.31548625174906,-1.2868490456254444,0.38092865798963127,0.2184514183230169,-0.23477154584243357,-1.7080980458679857,0.014459833029432493,-0.7899981007403686,-0.36189652188755617,0.03534114772502181,0.7137157762583907,-0.7730999170001572,0.5754944627704826,-0.7446461470223432,1.768910132911052
-0.21276085918257537,0.20655195088449793,-0.5677263872430823,-1.2835832926142041,-0.6325155122709673,0.1342454687089267,0.3138764344912847,0.35545653740573885,-1.7846185044712646,0.05572520135472765,-0.5379865946082542,-0.05837837483324743,-0.8392737583049414,0.029949245741771723,-2.040422828305799,-157.65703981408967
-0.13126259261674167,-1.586611756942327,0.27721491382155844,-0.9522767526970543,-0.4925899139234323,-0.15343419681534956,-0.3486707829479499,2.8695922138336787,-0.8193500395981216,1.1775626504364973,-0.13888747842995408,0.2673828559407815,-0.8998820574486404,-0.8002041391937373,0.35852438346003324,
1.0754529635376808,0.43203796565765384,-0.19223166112481163,-0.18400488795458705,-0.4454395182438787,-1.2760867975547192,2.296246459539354,2.7206002604560515,-1.369236527042229,-0.5949348276869164,-0.42243794082014247,-0.020149490788176454,-0.7738106872812753,0.017617196463379184,-0.6144570686069893,
-0.23386742338933567,0.6627671072095882,0.4709462813558873,1.232912320419764,0.9588544753155868,-1.392369654291205,2.3139924406791232,0.264538498494867,-0.2056241724044885,1.5354417668946816,0.5819363429680702,1.5782460017198952,-1.0220809583495842,1.513626750234797,1.2168487140116186,151.3161866450434
-1.7807049411451472,0.9192681101287139,-0.07102940645341355,0.37298539871961545,0.2911403300547891,-0.0049965735023511995,-1.0760506085799226,-1.2243773947432877,-0.37944855991718585,1.0779518681371605,-0.041399314170907274,0.1805713841626572,-1.934578576540089,-1.2332879464076512,0.1309176276441786,-12.174006979147412
-0.3553125171148651,-1.4076434133280875,-0.5259339298199276,-1.8661713628487937,1.5292471286026692,1.1861852366180166,-0.027940736986464154,-0.6783043986341399,-2.3529693661363487,-0.13121794918326232,-0.5271317984614204,0.43224572272198675,0.7679069056616361,-0.24271654178427932,0.3704304637963404,
0.7855916501837024,-0.5879390591295385,-1.0795976979843755,1.6754617091407749,-2.105772045508736,-0.025525271778607774,0.1063305832420568,-0.5086095029746727,-0.6144573064065384,-0.35627134045972725,0.2133351993284248,0.9998416782700923,-0.28629717510457914,0.5270920345297903,1.373873664073066,7.203257169410182
2.1619750604496013,-0.7983825672233718,-0.5668069914305398,0.22602214059930947,0.7722624792786473,0.3511824545468248,2.9819185595333906,-0.43001434764297386,-0.48576904514043817,-0.5727722317276139,-0.5525933402260569,-0.9905041404256311,0.1944099391360955,1.9737389086133013,-1.1292872300138246,-103.57682095165694
1.204087836600691,0.32956581255276407,-0.11881197334915113,0.5587952533075279,1.4524849560301274,-1.1591707773953437,-0.0017289262155541709,0.7054035434680376,1.9534754313517837,-0.5038932892534304,0.9050354947062537,0.8076268052040906,0.33270894158022046,0.22736736896647267,0.5078986753723179,197.61444895989604
0.3115623525981737,1.066849170679649,0.3772331798866992,-0.9743017877131227,0.03426788711283209,0.11058510346546892,-0.9517964752042947,2.8449704809721905,0.3618285302177132,0.15191402238452423,0.7356522766182381,1.5669107995743874,-0.04286403220103349,0.32678610199128083,-0.07577364906429725,178.63435617973983
0.12838775251582193,1.592340466379297,0.41706737445955183,0.7406174453060793,0.292885806257889,-1.2454258614254738,0.09940758716798295,-0.8901003810533681,1.8716844697013424,-1.698180035638952,0.31611348206139794,-0.5964404705732762,0.08144829360466863,2.1252453279166583,-0.8097677473601163,-6.1147268310860134
1.9754484891750015,-0.830859790910822,-1.7149317040233405,-1.3810245567821182,0.2938235939362984,0.16918168172195627,-0.717585178345074,0.8940910025266199,0.10087922707900648,-0.05838046176029111,0.35903111375361,0.8082233566810488,-0.30867861349872516,-0.053246775089953784,0.9435950604504695,122.66184426105698
1.408067854486218,1.1297311824097462,-1.0836450090308614,0.2310788277141506,0.8100721673342904,1.4211353281116332,0.7252453360152415,-0.25606234020626806,-2.073879608611853,0.6041422270850896,-0.8838133218434645,-0.6595350719681289,0.4268987046769452,-0.24794202895799483,0.1230568048518022,-83.65601275347294
-0.38248530884504117,1.4033208619055888,-1.231879354257993,-0.4665444775781429,-0.2167187544655219,-0.15591761138645568,-1.5694221089834006,0.4273020489883373,0.4484089823675406,1.2321632038062351,0.4042445730176557,0.700652012697453,-0.2174880895915923,1.2436283069175829,0.24809590662998013,
2.06379400052717,1.2167395016266878,-0.9570937120936694,1.2245524072105989,1.003272408156862,0.7697396178869114,-1.3128770899648943,-1.6443774914788845,1.1186577052082096,-0.26443559487986906,0.3968493959881584,0.16651355309139496,0.6557365808312893,-0.5442104876152648,1.0635674362385958,-38.760155253558125
0.899282948435825,-0.02813849204370985,0.6101924763840506,-0.6069167052652203,-0.6504861335952525,-0.8968797960913762,0.8814099716793976,-0.01263874056964854,-1.694746791246593,0.22070481053226385,-0.5452017441621262,-0.10719407442809885,0.7657593466301036,-0.5552580197736366,-0.4118053340287841,
-0.1637048804474389,-3.337941699461668,2.1490145712146926,-0.42980205872272687,1.532723993307338,-0.6490807903757301,-0.03789100616433167,0.42310995022704284,-0.6058754666809217,-0.07369062124314794,-1.012102615364106,-2.0841528186077016,-0.5071919816325235,-1.6045411968899257,0.7474054159342192,-98.26336519894245
-1.1449464655489359,1.1194879752305926,-1.3894025189855588,0.05370596371329027,-0.05289604615654984,0.0956469386290397,0.2738039029188253,-1.374577662568246,-1.6698281136203859,0.2993544563688636,-0.7074080453541784,-0.49174670342488874,0.1744169194158291,-0.6401699856129794,1.0444026419833183,-95.308808361214
-0.7634700794482877,0.529115238818488,0.13637180556777814,-0.09769550240289841,1.3469486802970954,1.2960000412141253,0.4064040428692456,-0.1139891108720424,-0.3743591282523818,-1.3620652577937753,-0.19638832787950916,-0.21084144241343336,0.11052343396428387,0.6284746605482769,0.018196181660452105,17.43823514490044
0.3362720777057826,0.2669627062932362,-1.812686019840143,-0.5896656754657353,0.6980551934734841,-1.7010670737778544,-0.9528052178137155,-0.046798815435284864,0.23014836988244503,1.1142434008606736,-0.39601476464617497,-1.1923292543356243,0.41541916810464447,1.0894169420749893,-1.9062702463191727,-137.27878049826154
-1.0064202007020437,-0.5320228578020174,-0.6398536166016405,-1.0307967159631417,0.14272133517624325,1.0408522706730845,-0.15803788432040394,-0.030922656901767005,-0.3690141293439236,-0.17027128980295078,-0.6057053775646254,-1.2243251273447562,-0.7654252745057857,-0.8077979044175876,-0.5052486056372896,-104.44752739411413
-1.6998329745348204,1.6062692875523952,-0.6134846587755423,0.7669618712485767,-2.8005911401592076,-2.6586776880745795,-0.6935198055695521,0.12116809901557656,0.23201159490723802,0.2953630537450397,0.6463981707379028,1.4649383909755216,-0.045131517247067,2.0257284003878535,0.38566708309413755,8.900618353005914
0.9681363155090089,0.9490657103810226,0.007847141171850076,-0.9173302295477489,0.74814961380029,0.33148682601404356,1.1425095387244615,0.3323240967427817,-0.3870385033935905,-0.4344349346210111,-0.018127582738888162,0.2539812323482514,0.32594070161253824,1.632854006996246,2.216002690621245,
-0.22795804791269075,0.6636310149290146,0.4207274447525469,0.7328212162029866,-0.6683600625448074,-1.4189390956620178,-1.578919239209809,-0.05889342137242515,0.03895500108243168,1.6653666553748445,-0.14766840327299904,-0.35747149698013725,-0.1970263985849166,-1.3417032044150914,-0.0623315372504643,-78.33858849390059
-0.06036829842713825,0.7432036331239575,0.08512688198525666,-0.28880229995544104,1.340391189334156,0.31956411534904927,-0.604064373725423,-0.7027046150046956,1.2265560539976452,2.4038986030235314,0.44225107417602905,0.18793476700980552,-0.1689241752692736,0.5229623363663277,0.7128343481027264,135.89067145282354
0.5243104791811024,-0.33529313852817033,1.4176374298183423,0.9456003651138114,0.08961696954628628,-0.20413353996572678,-0.4011376752772099,1.325904993875255,-0.6955371789499468,0.05483331892924168,-0.16616498017550618,0.10800673069214417,-0.42155411381644003,-2.098096274939561,0.45011922741607985,26.836904289728487
1.5311556161923965,1.8940517467502078,0.1880280117577383,0.132737272107883,-0.2646905890081491,1.2676002324693567,0.9283244393185047,1.0825016245879189,-0.08408869336426562,-0.23508384619451178,-0.43355713174791327,-1.049032015343746,-0.6491034376210045,-0.04414848481484583,-0.9400942809780612,-90.18533348692262
0.7994342556672492,-0.7477304287794782,-1.6042898191306196,-0.5883182138736156,-0.4993427696177969,0.7513516219943515,1.2006006929843924,-0.4625819463414215,-1.6152465096761068,-0.4361831980192599,-0.9715583650452054,-1.1716501267252315,-0.6291704690668494,0.8113637348024814,1.2732173469330519,
0.14911635888436747,-1.7824650077719688,1.5330174122474467,0.05842166484966731,1.2846812877041156,-1.3269121396634633,0.1391920892370271,1.1376654539540794,0.577329985362756,1.4195971425351726,0.27341083062271115,0.24878316019294242,0.9552437538082883,0.01809832977025174,-1.6086992136053504,44.258275775683124
0.8070285620483322,0.4656477629876717,1.2308150954184487,-1.8114576946218792,1.1717854091907025,-1.5393773878230772,-0.026116496183313298,-0.10363846323717141,-0.9776947155594693,-0.4752988198312415,0.39981873281041735,1.7321507834057985,-0.33033667101539627,0.3294748284878804,-0.4059876672683367,83.04470341875388
0.514504913062998,-0.10052377755729722,-0.3893596634892808,-0.5449994503729643,0.7234483844311572,-0.3076542136786592,-0.36222858562685817,-0.12950119093545032,0.24200480767581325,0.08577562874290318,0.3613824415542623,0.6772153945794176,-0.8043736366656047,0.9599974142052333,0.5270991863493933,94.05654370726974
0.2777294679049437,0.8745219791328817,-0.6007585103054803,-0.3663981218202659,1.4306382510635032,0.23513808887314316,-0.07833986752216933,-0.2689630255089892,-0.2222035552374347,0.908143759482584,0.3986830698400612,1.1690843575924093,-0.6725498484120744,0.14523380808034977,-0.8436456433321842,84.21946266958484
0.9898492977453737,-0.18039202673069257,0.7305595935514616,-0.37973187373684014,1.0004438203705373,-0.15221692685270585,0.022366918909913908,0.13614274134751164,-0.6515029232568202,-0.4339046346463962,0.04420685512319965,0.6171849509406568,0.8913032446087892,-0.18894770483442605,-0.3453269639823309,31.56283505308121
-0.10001997402957445,0.5647442362077382,0.9661983901260752,-0.911432960035952,0.6859955771027973,-0.3247135514700681,-1.1727207398010473,0.6291358731798883,0.6215161775497169,0.8228134947231897,0.39017608566589124,0.5153511135999385,-0.07246782013966348,-1.2523161168591093,-0.2181480656621573,-436.325367008939
-0.606736933559248,0.006249368337183267,-2.560889941796544,-0.24237058466318212,1.5305256592269452,-1.0749264012708133,0.2667589264770623,-0.032659515135412924,-0.21576334777400097,1.9441747486115142,0.2676647134719379,0.8499142295578245,0.11260592275846945,1.0298602321054287,0.8030141117938724,764.751567251757
-0.30489226339259284,0.8905777083144181,-0.3752990179611544,0.9506399221118087,1.880533014900588,-0.43144009958041585,1.5560827141524833,1.1161044127913846,-0.6486705944510677,0.21897381693008114,0.2933004883434199,1.224847307274521,0.056188070228401686,-0.572353454887785,-0.6612076156455964,
1.0922813583938638,1.5280299913067987,1.6736114090076994,-0.34558795470874054,-0.6222581039182709,0.18423001236710637,-0.20808155022982655,0.22805878350532285,1.3605320072624079,-0.651815050630592,1.1964910176757901,1.9158646687660088,-0.3607852269748599,1.7816253949282383,1.6163713528332657,226.40997794607821
-0.5878268942574442,-0.3489651832077535,-1.2131123311197922,0.8971091833358448,-0.7589252367677023,1.629732290325411,1.80051534146248,0.5800913251265551,-0.29926731853650884,-1.3189878590119477,0.32121711066079334,1.0192993941508994,-1.0147102386420788,0.012186051558108826,-0.0013629770726808807,63.55082888369448
0.023938604738810095,1.8745773509437251,-0.1702500297756937,1.3137932222805802,-0.27894224460463773,0.530195274016707,0.3327471187607146,-0.3091292384817681,0.4776062303122425,-0.9344217079937462,0.5126993383870306,0.8986151065747932,0.44415520402409003,0.5960424969853301,0.5583317792342218,102.04578054511111
0.9520875908902044,0.9576314648893031,-1.5660517710843518,-0.9465976691223214,-0.32356179972493165,-0.6015486032507333,-0.16917586782782898,0.745389298423706,-1.2025527938932419,-0.9357788927840036,0.15326897536115558,1.3002633773717924,-1.4425671063914889,0.2584319106151609,1.0238789289349868,73.20272467830864
0.10287566663957973,3.0255763535068287,0.14549855188695227,-1.6695756499623697,0.1533761194481595,2.4602841656015633,-0.29769823535968315,1.323534422749069,1.0225889571216509,0.5639783161376135,1.4062886245416089,2.7526052393379823,0.5684884087437049,0.6145447089429492,0.5663268022862396,319.41139208200747
1.7595403895223232,-1.3352622625700274,0.4496728927260929,1.0948050465432158,1.3895441605712637,0.5295410025975135,-1.0477050111511268,0.11913519545588828,1.690337703455295,0.41927249732933186,1.0704197957215966,1.408816919541339,0.02787248306797691,-0.09751132951343497,0.06748398701317948,228.03430690410244
-0.08586166677572658,1.2639351785786541,-0.2524754085966866,-2.06521480512739,-1.4119730650792153,-0.29557421969649345,-1.9339835032618387,-1.822024130981478,-0.39026328422922796,-0.13033467270403248,0.41791395226261274,1.3407923991585011,0.3751403215527799,0.6087230569032178,0.022755685142199843,-3.5692655928467527
-0.1792485661707354,-0.6553425226990021,1.5015098465283734,-0.758727424726509,-0.6712901910664175,-1.743246468700776,-0.5776123745567687,0.17927953158942442,0.5619575401662869,-1.537405298722857,-0.34847945025431715,-1.2818714741051342,-0.6634015452698705,0.0514164989569488,-0.1883881901090056,-108.84864989793344
-0.6859981025595642,1.0189097167426948,-0.7543226620321034,-0.8027602760035649,-0.14808798768053757,0.6655761172259487,2.0402557181695977,-0.966422531940468,0.4132781921323743,0.38202291307570685,0.46391585765297766,0.8893593345525459,1.4759983992230439,0.48685440614034525,-1.2447620158117412,16.181592588689885
0.6552450504463372,1.3954030572714142,0.341594182464044,-0.24521216729214432,-1.3731579093418307,-1.4395155964344626,-1.777866747653799,1.2328300975067763,0.09539547859978725,-0.8880184346999516,0.24913300539373487,0.5424378783934545,0.17306264814025107,0.17800466212173557,-2.9634297251653576,-96.12538597263183
1.3439735388719534,1.4865785056287555,-0.7291246909201666,0.919830496179474,1.0405867189334084,1.6269106530603559,-0.6791417234002339,0.8939862523130238,0.05778373374165736,-0.09330433567845088,0.26153043750344795,0.594531715047971,-0.38694395005846727,-0.44753776388011957,0.7596059865836045,136.46595902944816
-0.6938968954380913,0.37342352117830385,0.8763376417016064,0.28801798243912524,0.40973777913835824,1.7495914173442655,1.1209629378141868,-0.6416203195068355,0.3676138479893785,-0.39361356523860025,0.4999487191642681,0.9483553865855645,0.043577549932294804,1.1949629836060351,0.10389522705281369,108.74382203272125
-1.0505406956220944,0.8006935172059519,-0.09922918758447698,-1.9802356027445567,-1.34144913177041,1.9452431503375416,-0.06477462956902559,-0.35043287225063235,-0.48353460635678774,0.5695873563804473,-0.747985494966929,-1.5207968310268416,-1.2055909311039565,-1.3749238332286469,-0.8678508050595513,-178.85711291861418
0.8707447594996367,1.0101507249020125,-0.6861711626850586,0.08099505380988337,0.9445101219959582,0.22635257360415334,1.5895794904783525,-0.6471801296206878,1.2940262110817058,-0.06562495269046924,0.7304938533043518,0.8659046792927443,0.4254617578618583,2.302821680202943,0.20425935439550597,141.5517190789682
0.4314190138859815,-0.8304935511106214,-0.16282224166941817,1.1608369382766943,1.077678851533654,-0.5363033995352213,-0.02563473179459116,-0.45722527731395496,-0.301051798933949,-0.6931784725379805,0.30564511388055127,0.952638976116558,-0.32613872771259433,1.1765185241627414,0.3629145308004667,
-1.30939553709929,-2.1551930891394457,-1.0057612524826491,-0.9104296098150412,0.47820737854839446,0.49117221967529046,-0.11965831237989329,-1.0037899811553754,1.3491652078602785,-0.7491683227092395,-0.16575064573098716,-1.4021438864204645,0.13951408084836514,-0.5884054223963323,-0.03314574686723212,-37.58232667431059
-0.20864851406512314,-0.7514691204866022,0.4601137022253077,-0.8882814857342408,0.2871847697656254,0.05623348448627283,1.0262280937081976,2.1021497229473427,-1.4720864648813117,1.7698773829000551,-0.1965768068573487,0.6023825061824735,1.4503315249329933,0.2819140528842455,1.1671005692152319,70.86820875946827
-0.6158979170371376,1.0063740049726468,1.2987546688159877,0.13126875844695918,-1.0160141122217978,-1.3162929169320847,0.38500388195030166,-0.26582873794232137,-1.3161064727856813,-1.422372517242781,-0.5585676967229458,-0.4165949304152033,-0.720799013102804,0.09019658390947395,-1.5203862433546915,-195.9931349026815
1.0459245990427664,-1.4107306322541406,-0.8829803559838636,-2.5641318722130273,1.7365100644953708,-0.07148931978003249,-0.11805156971300262,0.07593714566401813,0.8515631734876024,0.38460462949319835,1.066931079692921,2.018058457443077,-0.34635691812860653,0.26543470117309265,0.7031317325416948,260.4184632910799
1.7210220452165008,0.2034975115777713,-0.11064138191742652,-0.19429533551560255,1.180235804719084,-0.8450731352582506,-0.8711594342797649,0.6767668835061726,2.113960304411255,-1.1049874331911733,0.992892835463865,0.8339996050783125,-0.20537757237666396,-0.33770900496061534,-0.405716356213398,171.2894379123714
-2.3293993324148445,1.5864240192162928,-2.020176113673653,2.0347084259955133,-0.9052948157132545,-0.39056582949269697,-1.0163962019842712,0.4460371740802732,0.8598151090230677,-0.738798131964038,0.3392242763602151,0.22151260017769114,-1.3565713997851647,2.1066412685997653,-0.7842207242771438,4.467026331596681
-0.5704294052075526,-0.749344411602663,1.8446603543451143,-0.024883134998628147,0.612326480199092,0.28613373216733634,-0.6770968502573743,0.08711091638868979,-0.19461352348952735,0.46952453914581255,-0.5908218764721574,-1.3277323305741309,0.16168943567085,1.4416632730511985,-1.75311610981556,-143.30078151023537
-0.8817117760323799,-1.4847226095535873,1.2699917712712754,-1.4530051182311214,0.35377603538829117,-0.6373111038211912,0.7595315905435022,-0.9280139719849082,-1.5012975529825008,0.5951049735320081,0.1725681946585467,1.5905611430779825,-1.100436321939419,-0.995788288392093,-0.3754243162556289,23.755606423326007
2.0277662340168545,0.6237657163907231,0.07128395551836851,-0.6740533832209294,0.5627640331437015,-2.5293123486287,0.46016812692141806,0.947490247102336,-0.8944226816007709,0.12068220187046054,0.47300413207494496,1.906687992435872,-0.47601940661345027,0.7292577988735187,1.6150722845575636,154.12461400562103
